0.001998425,0,0,0
0.006983519,0,0,0
0.010998011,0,0,0
0.015116215,-0.03,0.01,0.01
0.019108772,-0.03,0.01,0.01
0.022965431,-0.03,0.01,0.01
0.026954651,-0.03,0.01,0.01
0.027925968,-0.03,0.01,0.01
0.031914234,-0.03,0.01,0.01
0.035903931,-0.03,0.01,0.01
0.038896084,-0.03,0.01,0.01
0.043884754,-0.03,0.01,0.01
0.04795289,-0.03,0.01,0.01
0.051892757,-0.03,0.01,0.01
0.055851221,-0.03,0.01,0.01
0.059839725,-0.03,0.01,0.01
0.063829184,-0.01,-0.02,0.02
0.06782341,-0.01,-0.02,0.02
0.071807384,-0.01,-0.02,0.02
0.075957775,0.02,-0.03,-0.01
0.079828739,0.02,-0.03,-0.01
0.084856033,0.02,-0.03,-0.01
0.085770845,0.01,-0.02,-0.03
0.09075737,0.01,-0.02,-0.03
0.093749523,0.03,-0.04,-0.04
0.097738743,0.03,-0.04,-0.04
0.101727247,0.03,-0.04,-0.04
0.106715202,0.06,-0.03,-0.08
0.109708548,0.06,-0.03,-0.08
0.113696337,0.11,-0.06,-0.1
0.116845608,0.11,-0.06,-0.1
0.123669147,0.11,-0.06,-0.1
0.125791073,0.14,-0.05,-0.15
0.129686356,0.14,-0.05,-0.15
0.133642673,0.14,-0.05,-0.15
0.137635231,0.14,-0.05,-0.15
0.14162159,0.14,-0.05,-0.15
0.145611048,0.19,-0.05,-0.2
0.149747849,0.19,-0.05,-0.2
0.154621124,0.19,-0.05,-0.2
0.157578707,0.22,-0.05,-0.23
0.159575224,0.22,-0.05,-0.23
0.163563251,0.24,-0.07,-0.24
0.166555643,0.24,-0.07,-0.24
0.173536777,0.24,-0.07,-0.24
0.175532341,0.24,-0.06,-0.26
0.179520607,0.24,-0.06,-0.26
0.182511806,0.24,-0.06,-0.26
0.186506033,0.27,-0.07,-0.27
0.190502644,0.27,-0.07,-0.27
0.191489697,0.27,-0.07,-0.27
0.195477247,0.27,-0.07,-0.29
0.199475527,0.27,-0.07,-0.29
0.207446098,0.3,-0.08,-0.33
0.208442926,0.3,-0.08,-0.33
0.211468697,0.3,-0.08,-0.33
0.216421604,0.33,-0.08,-0.38
0.21941328,0.33,-0.08,-0.38
0.22440052,0.41,-0.09,-0.46
0.227417707,0.41,-0.09,-0.46
0.23239994,0.41,-0.09,-0.46
0.23239994,0.47,-0.1,-0.52
0.237369537,0.47,-0.1,-0.52
0.240357399,0.47,-0.1,-0.52
0.244373322,0.53,-0.11,-0.59
0.2483356,0.53,-0.11,-0.59
0.252349854,0.53,-0.11,-0.59
0.256320477,0.62,-0.13,-0.68
0.260304451,0.62,-0.13,-0.68
0.264298439,0.7,-0.12,-0.82
0.265290499,0.7,-0.12,-0.82
0.269279718,0.7,-0.12,-0.82
0.273269415,0.84,-0.14,-0.98
0.277510881,0.84,-0.14,-0.98
0.280491829,0.84,-0.14,-0.98
0.284631252,1,-0.18,-1.17
0.28949523,1,-0.18,-1.17
0.290467739,1,-0.18,-1.17
0.294460058,1.17,-0.22,-1.38
0.297588825,1.17,-0.22,-1.38
0.301442623,1.17,-0.22,-1.38
0.305452585,1.36,-0.25,-1.62
0.309562206,1.36,-0.25,-1.62
0.313407421,1.58,-0.3,-1.87
0.317535162,1.58,-0.3,-1.87
0.321412086,1.58,-0.3,-1.87
0.326510429,1.87,-0.33,-2.21
0.327369928,1.87,-0.33,-2.21
0.330361366,1.87,-0.33,-2.21
0.334519863,2.21,-0.39,-2.58
0.338339806,2.21,-0.39,-2.58
0.342476606,2.21,-0.39,-2.58
0.343326807,2.62,-0.43,-3.04
0.347315788,2.62,-0.43,-3.04
0.351305008,2.62,-0.43,-3.04
0.357288361,3.05,-0.47,-3.52
0.359283447,3.05,-0.47,-3.52
0.363272429,3.52,-0.53,-4.03
0.367298126,3.52,-0.53,-4.03
0.371289015,3.52,-0.53,-4.03
0.375400543,3.93,-0.54,-4.51
0.379232168,3.93,-0.54,-4.51
0.380228758,3.93,-0.54,-4.51
0.384217024,4.24,-0.57,-4.89
0.390200853,4.24,-0.57,-4.89
0.39119792,4.24,-0.57,-4.89
0.395190716,4.88,-0.62,-5.56
0.400217533,4.88,-0.62,-5.56
0.404201031,4.88,-0.62,-5.56
0.40831399,5.58,-0.64,-6.34
0.412144899,5.58,-0.64,-6.34
0.416306734,6.43,-0.68,-7.2
0.420313358,6.43,-0.68,-7.2
0.424110174,6.43,-0.68,-7.2
0.425107718,7.39,-0.73,-8.18
0.429098606,7.39,-0.73,-8.18
0.433085918,8.42,-0.74,-9.28
0.436077595,8.42,-0.74,-9.28
0.44106555,8.42,-0.74,-9.28
0.445057631,9.1,-0.77,-10
0.446053267,9.1,-0.77,-10
0.453198671,9.1,-0.77,-10
0.457021952,10.27,-0.8,-11.24
0.458020687,10.27,-0.8,-11.24
0.462011814,10.27,-0.8,-11.24
0.465998888,11.51,-0.84,-12.55
0.470984936,11.51,-0.84,-12.55
0.473976851,12.83,-0.89,-13.94
0.478965998,12.83,-0.89,-13.94
0.482108593,12.83,-0.89,-13.94
0.48611021,13.38,-0.92,-14.59
0.48996067,13.38,-0.92,-14.59
0.49392581,13.38,-0.92,-14.59
0.49492383,14.99,-0.95,-16.26
0.501929522,14.99,-0.95,-16.26
0.50289917,16.71,-0.95,-18.06
0.510878086,16.71,-0.95,-18.06
0.514869452,16.71,-0.95,-18.06
0.515866518,18.55,-0.93,-19.95
0.518870115,18.55,-0.93,-19.95
0.523843527,20.47,-0.89,-21.95
0.527838945,20.47,-0.89,-21.95
0.53182292,20.47,-0.89,-21.95
0.534848452,22.48,-0.79,-24.06
0.538803101,22.48,-0.79,-24.06
0.542847157,22.48,-0.79,-24.06
0.543789864,24.55,-0.68,-26.28
0.547779799,24.55,-0.68,-26.28
0.551768541,24.55,-0.68,-26.28
0.557753801,26.79,-0.55,-28.66
0.559808731,26.79,-0.55,-28.66
0.564735174,28.11,-0.46,-30.14
0.567779779,28.11,-0.46,-30.14
0.57177043,28.11,-0.46,-30.14
0.576706648,29.79,-0.33,-31.99
0.579696417,29.79,-0.33,-31.99
0.583734274,29.79,-0.33,-31.99
0.587716579,32.36,-0.08,-34.69
0.590665817,32.36,-0.08,-34.69
0.592690229,34.95,0.17,-37.37
0.596700191,34.95,0.17,-37.37
0.600679159,34.95,0.17,-37.37
0.607620716,37.45,0.49,-39.99
0.608617544,37.45,0.49,-39.99
0.613605738,37.45,0.49,-39.99
0.616646051,39.88,0.84,-42.55
0.620586157,39.88,0.84,-42.55
0.625572443,42.26,1.24,-45.05
0.62956357,42.26,1.24,-45.05
0.633578539,42.26,1.24,-45.05
0.633578539,44.62,1.68,-47.39
0.640532017,44.62,1.68,-47.39
0.64252615,44.62,1.68,-47.39
0.646517277,46.93,2.2,-49.82
0.649558306,46.93,2.2,-49.82
0.657486677,49.13,2.78,-52.14
0.658484221,49.13,2.78,-52.14
0.662475109,49.13,2.78,-52.14
0.666462183,51.17,3.42,-54.28
0.670504332,51.17,3.42,-54.28
0.675438404,53.09,4.1,-56.29
0.679428101,53.09,4.1,-56.29
0.682446003,53.09,4.1,-56.29
0.686439753,54.84,4.85,-58.02
0.687407255,54.84,4.85,-58.02
0.692392588,54.84,4.85,-58.02
0.696382999,56.55,5.65,-59.83
0.69853282,56.55,5.65,-59.83
0.702535152,56.55,5.65,-59.83
0.707353354,58.2,6.49,-61.57
0.711345911,58.2,6.49,-61.57
0.71547389,59.78,7.42,-63.25
0.719486475,59.78,7.42,-63.25
0.723309994,59.78,7.42,-63.25
0.727302551,61.17,8.37,-64.76
0.731428385,61.17,8.37,-64.76
0.732285738,62.41,9.34,-66.07
0.736274958,62.41,9.34,-66.07
0.740264654,62.41,9.34,-66.07
0.744258881,63.51,10.31,-67.27
0.74835515,63.51,10.31,-67.27
0.752233028,63.51,10.31,-67.27
0.756273031,64.52,11.28,-68.39
0.760213852,64.52,11.28,-68.39
0.764302254,65.46,12.24,-69.43
0.768190384,65.46,12.24,-69.43
0.772179604,65.46,12.24,-69.43
0.776321888,66.33,13.18,-70.39
0.781155109,66.33,13.18,-70.39
0.785144329,66.33,13.18,-70.39
0.785144329,67.16,14.08,-71.09
0.791129351,67.16,14.08,-71.09
0.794121981,67.87,14.97,-71.91
0.798110008,67.87,14.97,-71.91
0.8011024,67.87,14.97,-71.91
0.807086229,68.51,15.81,-72.65
0.809226274,68.51,15.81,-72.65
0.814068079,69.09,16.64,-73.33
0.817208767,69.09,16.64,-73.33
0.821086168,69.09,16.64,-73.33
0.827036381,69.64,17.42,-73.96
0.830026388,69.64,17.42,-73.96
0.834162235,69.64,17.42,-73.96
0.838349342,70.15,18.21,-74.58
0.842449665,70.15,18.21,-74.58
0.843301773,70.63,18.96,-75.18
0.847293139,70.63,18.96,-75.18
0.851280928,70.63,18.96,-75.18
0.857264996,71.04,19.69,-75.71
0.862254143,71.04,19.69,-75.71
0.863250256,71.39,20.37,-76.18
0.867237806,71.39,20.37,-76.18
0.875216961,71.39,20.37,-76.18
0.876234055,71.66,21.03,-76.59
0.880204439,71.66,21.03,-76.59
0.884192228,71.91,21.64,-76.96
0.891174555,71.91,21.64,-76.96
0.892171144,71.91,21.64,-76.96
0.895166397,72.14,22.22,-77.32
0.89930439,72.14,22.22,-77.32
0.90328455,72.14,22.22,-77.32
0.907131195,72.37,22.75,-77.65
0.912120342,72.37,22.75,-77.65
0.916258335,72.59,23.27,-77.99
0.920260191,72.59,23.27,-77.99
0.924085855,72.59,23.27,-77.99
0.928078651,72.81,23.73,-78.31
0.932216167,72.81,23.73,-78.31
0.933063269,73.01,24.17,-78.61
0.937050819,73.01,24.17,-78.61
0.941040754,73.01,24.17,-78.61
0.945033312,73.19,24.59,-78.89
0.949055672,73.19,24.59,-78.89
0.953169107,73.19,24.59,-78.89
0.95699811,73.34,24.98,-79.12
0.960988998,73.34,24.98,-79.12
0.964978695,73.49,25.36,-79.33
0.968967676,73.49,25.36,-79.33
0.972957373,73.49,25.36,-79.33
0.978180408,73.6,25.72,-79.51
0.981170654,73.6,25.72,-79.51
0.985163689,73.7,26.06,-79.66
0.98615694,73.7,26.06,-79.66
0.990146637,73.7,26.06,-79.66
0.995135307,73.75,26.37,-79.77
0.998130083,73.75,26.37,-79.77
1.003111839,73.75,26.37,-79.77
1.007101774,73.82,26.65,-79.85
1.011095524,73.82,26.65,-79.85
1.015080214,73.88,26.89,-79.92
1.018624306,73.88,26.89,-79.92
1.024476767,73.88,26.89,-79.92
1.027467728,73.94,27.12,-79.97
1.031458855,73.94,27.12,-79.97
1.034604788,73.94,27.12,-79.97
1.038467169,74.01,27.33,-80.02
1.042581081,74.01,27.33,-80.02
1.043424845,74.07,27.52,-80.06
1.047414303,74.07,27.52,-80.06
1.055418015,74.07,27.52,-80.06
1.057388306,74.12,27.69,-80.07
1.059540749,74.12,27.69,-80.07
1.064368963,74.14,27.83,-80.06
1.071402311,74.14,27.83,-80.06
1.075497866,74.14,27.83,-80.06
1.076336384,74.17,27.93,-80.06
1.08032608,74.17,27.93,-80.06
1.084315062,74.17,27.93,-80.06
1.088306665,74.2,28.01,-80.06
1.092388868,74.2,28.01,-80.06
1.096286058,74.22,28.07,-80.06
1.100273132,74.22,28.07,-80.06
1.104263783,74.22,28.07,-80.06
1.108252764,74.23,28.09,-80.06
1.112287998,74.23,28.09,-80.06
1.11627984,74.24,28.1,-80.06
1.120402098,74.24,28.1,-80.06
1.124208689,74.24,28.1,-80.06
1.129197359,74.32,28.19,-80.13
1.130194664,74.32,28.19,-80.13
1.133342743,74.32,28.19,-80.13
1.140210629,74.39,28.23,-80.15
1.141163588,74.39,28.23,-80.15
1.145178556,74.39,28.23,-80.15
1.149305582,74.45,28.24,-80.18
1.153284073,74.45,28.24,-80.18
1.157122612,74.47,28.19,-80.19
1.161115408,74.47,28.19,-80.19
1.166185379,74.45,28.06,-80.16
1.170256138,74.45,28.06,-80.16
1.17407608,74.45,28.06,-80.16
1.17807436,74.43,27.91,-80.13
1.182054281,74.43,27.91,-80.13
1.183053493,74.43,27.91,-80.13
1.187041283,74.42,27.75,-80.1
1.192028046,74.42,27.75,-80.1
1.195022583,74.41,27.59,-80.06
1.198012114,74.41,27.59,-80.06
1.202177525,74.41,27.59,-80.06
1.207985401,74.38,27.43,-80
1.211010456,74.38,27.43,-80
1.215963125,74.33,27.26,-79.93
1.21900034,74.33,27.26,-79.93
1.222971916,74.33,27.26,-79.93
1.227932453,74.28,27.07,-79.82
1.230923414,74.28,27.07,-79.82
1.234917641,74.23,26.85,-79.71
1.238930464,74.23,26.85,-79.71
1.240896702,74.23,26.85,-79.71
1.244889021,74.17,26.61,-79.58
1.247880459,74.17,26.61,-79.58
1.252019882,74.17,26.61,-79.58
1.257852316,74.11,26.35,-79.45
1.260846615,74.11,26.35,-79.45
1.264832735,74.03,26.06,-79.3
1.268821716,74.03,26.06,-79.3
1.274806023,74.03,26.06,-79.3
1.277799845,73.93,25.73,-79.13
1.280790329,73.93,25.73,-79.13
1.28478384,73.81,25.38,-78.39
1.288769722,73.81,25.38,-78.39
1.29276371,73.81,25.38,-78.39
1.293758154,73.67,25,-78.19
1.297744751,73.67,25,-78.19
1.301733971,73.67,25,-78.19
1.307718992,73.53,24.58,-77.99
1.309713364,73.53,24.58,-77.99
1.313702106,73.39,24.12,-77.8
1.317699909,73.39,24.12,-77.8
1.325824261,73.39,24.12,-77.8
1.326667547,73.24,23.63,-77.6
1.330657244,73.24,23.63,-77.6
1.333804846,73.24,23.63,-77.6
1.34063077,73.09,23.11,-76.89
1.341627836,73.09,23.11,-76.89
1.345618486,72.89,22.57,-76.64
1.349770069,72.89,22.57,-76.64
1.354051352,72.89,22.57,-76.64
1.358041286,72.67,22.01,-76.36
1.362036467,72.67,22.01,-76.36
1.366060734,72.41,21.41,-76.03
1.370166779,72.41,21.41,-76.03
1.37399745,72.41,21.41,-76.03
1.378986835,72.12,20.81,-75.66
1.379983902,72.12,20.81,-75.66
1.383006096,72.12,20.81,-75.66
1.390953779,71.83,20.18,-74.99
1.391949415,71.83,20.18,-74.99
1.394944906,71.49,19.54,-74.57
1.399089098,71.49,19.54,-74.57
1.403079987,71.49,19.54,-74.57
1.407907009,71.15,18.86,-74.11
1.410901785,71.15,18.86,-74.11
1.415885448,70.75,18.16,-73.59
1.420074224,70.75,18.16,-73.59
1.423864841,70.75,18.16,-73.59
1.427857399,70.31,17.46,-73.03
1.431863785,70.31,17.46,-73.03
1.436000824,70.31,17.46,-73.03
1.43682909,69.84,16.73,-72.3
1.440819263,69.84,16.73,-72.3
1.444814444,69.3,16.01,-71.65
1.448797703,69.3,16.01,-71.65
1.452924728,69.3,16.01,-71.65
1.457126617,68.7,15.29,-70.93
1.460278034,68.7,15.29,-70.93
1.465130329,68.05,14.55,-70.17
1.469225168,68.05,14.55,-70.17
1.473120928,68.05,14.55,-70.17
1.478074551,67.32,13.79,-69.33
1.481063128,67.32,13.79,-69.33
1.485194921,67.32,13.79,-69.33
1.489041567,66.52,13.01,-68.32
1.491036654,66.52,13.01,-68.32
1.495028496,65.67,12.19,-67.34
1.498017311,65.67,12.19,-67.34
1.502006292,65.67,12.19,-67.34
1.507991314,64.74,11.38,-66.31
1.510144711,64.74,11.38,-66.31
1.514971733,63.73,10.54,-65.17
1.518331528,63.73,10.54,-65.17
1.524152756,63.73,10.54,-65.17
1.52714467,62.62,9.74,-63.97
1.531135559,62.62,9.74,-63.97
1.534288406,62.62,9.74,-63.97
1.538149357,61.39,8.94,-62.59
1.542266846,61.39,8.94,-62.59
1.546095371,59.96,8.18,-61.04
1.547091722,59.96,8.18,-61.04
1.555076122,59.96,8.18,-61.04
1.55806303,58.32,7.4,-59.24
1.56105876,58.32,7.4,-59.24
1.566043377,56.45,6.6,-57.2
1.568035364,56.45,6.6,-57.2
1.574019909,56.45,6.6,-57.2
1.576047421,54.33,5.83,-54.94
1.580019474,54.33,5.83,-54.94
1.583992481,54.33,5.83,-54.94
1.588012934,52.02,5.09,-52.46
1.591971874,52.02,5.09,-52.46
1.595960379,52.02,5.09,-52.46
1.59695816,49.49,4.38,-49.78
1.604106426,49.49,4.38,-49.78
1.607929707,46.74,3.69,-46.88
1.608926296,46.74,3.69,-46.88
1.612916708,46.74,3.69,-46.88
1.616931438,43.73,3.04,-43.73
1.623893499,43.73,3.04,-43.73
1.624885798,40.48,2.44,-40.33
1.629870653,40.48,2.44,-40.33
1.633860111,40.48,2.44,-40.33
1.636855125,37.02,1.9,-36.7
1.640840769,37.02,1.9,-36.7
1.641839266,37.02,1.9,-36.7
1.645828009,33.4,1.44,-32.87
1.649816751,33.4,1.44,-32.87
1.657798052,33.4,1.44,-32.87
1.657798052,29.62,1.07,-28.89
1.661785126,29.62,1.07,-28.89
1.666771412,25.61,0.79,-24.64
1.670760155,25.61,0.79,-24.64
1.673779488,21.33,0.59,-20.1
1.678740025,21.33,0.59,-20.1
1.682728767,21.33,0.59,-20.1
1.685724497,16.73,0.48,-15.27
1.689710379,16.73,0.48,-15.27
1.69370389,16.73,0.48,-15.27
1.694698572,12,0.46,-10.26
1.702675104,12,0.46,-10.26
1.706665516,12,0.46,-10.26
1.707663298,7.26,0.56,-5.25
1.711653709,7.26,0.56,-5.25
1.715640783,2.66,0.77,-0.37
1.719630241,2.66,0.77,-0.37
1.724617243,2.66,0.77,-0.37
1.727646351,-1.68,1.11,4.25
1.731598139,-1.68,1.11,4.25
1.734595299,-1.68,1.11,4.25
1.738582373,-5.7,1.53,8.57
1.743566036,-5.7,1.53,8.57
1.743566036,-5.7,1.53,8.57
1.747555017,-9.51,2.08,12.65
1.751544237,-9.51,2.08,12.65
1.757529736,-12.99,2.69,16.38
1.760520935,-12.99,2.69,16.38
1.764509678,-16.16,3.37,19.8
1.768511772,-16.16,3.37,19.8
1.774485588,-16.16,3.37,19.8
1.776530981,-19.04,4.1,22.91
1.78051281,-19.04,4.1,22.91
1.784461498,-19.04,4.1,22.91
1.788450956,-21.7,4.86,25.81
1.792604208,-21.7,4.86,25.81
1.796424389,-21.7,4.86,25.81
1.80044055,-24.18,5.64,28.55
1.804402828,-24.18,5.64,28.55
1.808393002,-26.54,6.48,31.17
1.812383175,-26.54,6.48,31.17
1.817427874,-28.78,7.4,33.67
1.821388483,-28.78,7.4,33.67
1.825497627,-28.78,7.4,33.67
1.826346397,-30.89,8.37,36.03
1.830334187,-30.89,8.37,36.03
1.834323406,-30.89,8.37,36.03
1.841306925,-32.8,9.35,38.18
1.841306925,-32.8,9.35,38.18
1.845295906,-32.8,9.35,38.18
1.850280523,-34.55,10.35,40.16
1.854269505,-34.55,10.35,40.16
1.858259439,-36.14,11.35,41.99
1.862296104,-36.14,11.35,41.99
1.866391182,-36.14,11.35,41.99
1.870399237,-37.57,12.33,43.63
1.874217033,-37.57,12.33,43.63
1.878481627,-38.88,13.31,45.15
1.882407904,-38.88,13.31,45.15
1.883403778,-38.88,13.31,45.15
1.887393475,-40.11,14.3,46.55
1.891384125,-40.11,14.3,46.55
1.895375013,-40.11,14.3,46.55
1.898364782,-41.28,15.31,47.87
1.903351068,-41.28,15.31,47.87
1.912333012,-42.41,16.36,49.13
1.913324118,-42.41,16.36,49.13
1.916315317,-43.46,17.45,50.28
1.919467688,-43.46,17.45,50.28
1.92334199,-43.46,17.45,50.28
1.928291082,-44.36,18.57,51.33
1.932273149,-44.36,18.57,51.33
1.935454369,-45.12,19.74,52.27
1.939254284,-45.12,19.74,52.27
1.944243431,-45.12,19.74,52.27
1.945241928,-45.79,20.95,53.17
1.952387333,-45.79,20.95,53.17
1.956493616,-45.79,20.95,53.17
1.957490683,-46.35,22.19,54.01
1.964439154,-46.35,22.19,54.01
1.965435505,-46.82,23.44,54.78
1.972456455,-46.82,23.44,54.78
1.976549625,-46.82,23.44,54.78
1.978400707,-47.24,24.66,55.49
1.981391907,-47.24,24.66,55.49
1.985386133,-47.63,25.84,56.16
1.991364956,-47.63,25.84,56.16
1.993359566,-47.63,25.84,56.16
1.99735117,-48.01,26.97,56.79
2.001490116,-48.01,26.97,56.79
2.00536108,-48.01,26.97,56.79
2.009467602,-48.37,28.03,57.39
2.013309956,-48.37,28.03,57.39
2.017434359,-48.68,29.04,57.92
2.021286964,-48.68,29.04,57.92
2.02627635,-48.68,29.04,57.92
2.030263662,-48.91,29.98,58.39
2.03439784,-48.91,29.98,58.39
2.035247564,-49.09,30.85,58.78
2.041232347,-49.09,30.85,58.78
2.043227196,-49.09,30.85,58.78
2.047218084,-49.2,31.67,59.11
2.050232172,-49.2,31.67,59.11
2.058187246,-49.2,31.67,59.11
2.059184551,-49.26,32.47,59.38
2.06317544,-49.26,32.47,59.38
2.067272902,-49.32,33.26,59.63
2.074144363,-49.32,33.26,59.63
2.07514143,-49.35,34.05,59.83
2.080128431,-49.35,34.05,59.83
2.083120346,-49.35,34.05,59.83
2.087258816,-49.38,34.81,60.02
2.091101646,-49.38,34.81,60.02
2.092096329,-49.38,34.81,60.02
2.096087456,-49.43,35.52,60.19
2.100074768,-49.43,35.52,60.19
2.104063749,-49.43,35.52,60.19
2.109050274,-49.48,36.15,60.34
2.116183281,-49.48,36.15,60.34
2.117029905,-49.56,36.72,60.5
2.124010801,-49.56,36.72,60.5
2.125008345,-49.61,37.23,60.63
2.129000664,-49.61,37.23,60.63
2.132986546,-49.61,37.23,60.63
2.136978149,-49.66,37.67,60.74
2.140966177,-49.66,37.67,60.74
2.144959688,-49.66,37.67,60.74
2.149113417,-49.69,38.07,60.84
2.153089046,-49.69,38.07,60.84
2.156923294,-49.69,38.07,60.84
2.160914421,-49.71,38.45,60.93
2.165070772,-49.71,38.45,60.93
2.16990757,-49.71,38.8,61
2.172915936,-49.71,38.8,61
2.177031517,-49.69,39.11,61.05
2.181952953,-49.69,39.11,61.05
2.182853937,-49.69,39.11,61.05
2.186010122,-49.67,39.39,61.11
2.190867424,-49.67,39.39,61.11
2.193985462,-49.67,39.39,61.11
2.197813749,-49.64,39.64,61.15
2.201958179,-49.64,39.64,61.15
2.205792189,-49.64,39.64,61.15
2.209940434,-49.62,39.87,61.21
2.213799238,-49.62,39.87,61.21
2.218770981,-49.62,40.09,61.26
2.22213912,-49.62,40.09,61.26
2.226260662,-49.63,40.27,61.31
2.230089188,-49.63,40.27,61.31
2.235216141,-49.63,40.27,61.31
2.236070871,-49.65,40.44,60.88
2.241058111,-49.65,40.44,60.88
2.243052483,-49.65,40.44,60.88
2.248043537,-49.66,40.57,60.9
2.251031399,-49.66,40.57,60.9
2.255462646,-49.66,40.57,60.9
2.259578943,-49.67,40.66,60.89
2.263411045,-49.67,40.66,60.89
2.267398357,-49.68,40.73,60.87
2.271388531,-49.68,40.73,60.87
2.275377035,-49.68,40.73,60.87
2.279369354,-49.66,40.78,60.83
2.284352064,-49.66,40.78,60.83
2.288343906,-49.65,40.81,60.49
2.291333675,-49.65,40.81,60.49
2.293329,-49.65,40.81,60.49
2.297319412,-49.61,40.83,60.43
2.300473928,-49.61,40.83,60.43
2.308288336,-49.61,40.83,60.43
2.309285641,-49.58,40.83,60.38
2.313277483,-49.58,40.83,60.38
2.317263842,-49.56,40.83,60.33
2.324245691,-49.56,40.83,60.33
2.325242758,-49.54,40.8,60.29
2.329234123,-49.54,40.8,60.29
2.333266497,-49.54,40.8,60.29
2.337385416,-49.53,40.77,59.75
2.341201067,-49.53,40.77,59.75
2.345192909,-49.53,40.77,59.75
2.346189737,-49.53,40.72,59.71
2.350176811,-49.53,40.72,59.71
2.357158184,-49.53,40.72,59.71
2.358155489,-49.53,40.67,59.67
2.362147331,-49.53,40.67,59.67
2.366274595,-49.54,40.61,59.63
2.370303154,-49.54,40.61,59.63
2.375109434,-49.54,40.61,59.63
2.379101992,-49.55,40.57,59.59
2.383088112,-49.55,40.57,59.59
2.387077808,-49.57,40.51,59.31
2.391067028,-49.57,40.51,59.31
2.394060135,-49.57,40.51,59.31
2.399056673,-49.57,40.44,59.26
2.399056673,-49.57,40.44,59.26
2.407093287,-49.57,40.44,59.26
2.408021688,-49.56,40.36,59.21
2.415003061,-49.56,40.36,59.21
2.416001081,-49.56,40.28,59.17
2.419989347,-49.56,40.28,59.17
2.427137852,-49.56,40.28,59.17
2.427971601,-49.54,40.18,59.11
2.431957245,-49.54,40.18,59.11
2.435946941,-49.54,40.08,58.92
2.44093442,-49.54,40.08,58.92
2.443926096,-49.54,40.08,58.92
2.447954416,-49.55,39.96,58.89
2.451904774,-49.55,39.96,58.89
2.455922604,-49.55,39.96,58.89
2.457889557,-49.57,39.85,58.87
2.463874578,-49.57,39.85,58.87
2.464871883,-49.6,39.73,58.86
2.471889257,-49.6,39.73,58.86
2.476001263,-49.6,39.73,58.86
2.480828524,-49.62,39.57,58.84
2.481824398,-49.62,39.57,58.84
2.484988928,-49.62,39.57,58.84
2.491798639,-49.62,39.39,58.68
2.492962122,-49.62,39.39,58.68
2.496787548,-49.61,39.18,58.63
2.50077343,-49.61,39.18,58.63
2.504765034,-49.61,39.18,58.63
2.508752346,-49.6,38.95,58.57
2.512744188,-49.6,38.95,58.57
2.517761946,-49.58,38.67,58.49
2.521722794,-49.58,38.67,58.49
2.525707722,-49.58,38.67,58.49
2.529699564,-49.57,38.36,58.41
2.533836842,-49.57,38.36,58.41
2.537790537,-49.53,38.02,57.95
2.541666269,-49.53,38.02,57.95
2.542662859,-49.53,38.02,57.95
2.546651125,-49.49,37.64,57.84
2.550640583,-49.49,37.64,57.84
2.55380559,-49.49,37.64,57.84
2.558619022,-49.53,37.45,57.77
2.562638044,-49.53,37.45,57.77
2.566745043,-49.55,37.23,57.68
2.570613384,-49.55,37.23,57.68
2.574576616,-49.55,37.23,57.68
2.578570127,-49.54,36.97,57.57
2.582710743,-49.54,36.97,57.57
2.587651253,-49.54,36.97,57.57
2.591531277,-49.55,36.68,57.3
2.592547417,-49.55,36.68,57.3
2.596519947,-49.55,36.34,57.16
2.599656343,-49.55,36.34,57.16
2.60366869,-49.55,36.34,57.16
2.608488083,-49.47,35.73,56.96
2.612478256,-49.47,35.73,56.96
2.616464615,-49.38,35.08,56.74
2.62045455,-49.38,35.08,56.74
2.624442577,-49.38,35.08,56.74
2.629432917,-49.28,34.42,56.52
2.632504463,-49.28,34.42,56.52
2.636597157,-49.14,33.73,56.22
2.64040041,-49.14,33.73,56.22
2.644392014,-49.14,33.73,56.22
2.648379326,-48.97,33,55.9
2.649377108,-48.97,33,55.9
2.656395912,-48.97,33,55.9
2.658352852,-48.74,32.23,55.53
2.66433692,-48.74,32.23,55.53
2.665333748,-48.47,31.39,55.1
2.673338652,-48.47,31.39,55.1
2.677471399,-48.47,31.39,55.1
2.681309938,-48.16,30.5,54.63
2.682288647,-48.16,30.5,54.63
2.686506271,-47.84,29.57,54.14
2.691493511,-47.84,29.57,54.14
2.694485426,-47.84,29.57,54.14
2.697516203,-47.51,28.62,53.63
2.701613665,-47.51,28.62,53.63
2.705460787,-47.51,28.62,53.63
2.709611177,-47.16,27.67,53.11
2.713436127,-47.16,27.67,53.11
2.717423439,-46.77,26.69,52.56
2.722411871,-46.77,26.69,52.56
2.726556778,-46.77,26.69,52.56
2.730389357,-46.34,25.69,51.97
2.73469615,-46.34,25.69,51.97
2.73837471,-45.88,24.67,51.35
2.742356777,-45.88,24.67,51.35
2.743354559,-45.88,24.67,51.35
2.747368813,-45.36,23.63,50.68
2.75133276,-45.36,23.63,50.68
2.755357027,-45.36,23.63,50.68
2.759424448,-44.82,22.58,49.98
2.763302088,-44.82,22.58,49.98
2.767289877,-44.23,21.52,49.22
2.771279573,-44.23,21.52,49.22
2.776266336,-44.23,21.52,49.22
2.780255795,-43.6,20.45,48.42
2.783251286,-43.6,20.45,48.42
2.787240744,-42.91,19.35,47.56
2.791226625,-42.91,19.35,47.56
2.792224169,-42.91,19.35,47.56
2.79721117,-42.13,18.22,46.59
2.801199913,-42.13,18.22,46.59
2.806227207,-42.13,18.22,46.59
2.809178829,-41.28,17.07,45.52
2.813168287,-41.28,17.07,45.52
2.817156792,-40.31,15.88,44.31
2.82114625,-40.31,15.88,44.31
2.825170279,-40.31,15.88,44.31
2.83012414,-39.25,14.65,43.01
2.834111929,-39.25,14.65,43.01
2.838101149,-38.07,13.37,41.6
2.841197014,-38.07,13.37,41.6
2.843248367,-38.07,13.37,41.6
2.848814011,-36.78,12.09,40.09
2.850322247,-36.78,12.09,40.09
2.857292652,-36.78,12.09,40.09
2.85825634,-35.3,10.79,38.4
2.86523962,-35.3,10.79,38.4
2.866234779,-33.57,9.49,36.49
2.873239756,-33.57,9.49,36.49
2.878206491,-33.57,9.49,36.49
2.87920022,-31.49,8.23,34.26
2.882440805,-31.49,8.23,34.26
2.886455059,-29.05,7,31.62
2.890938282,-29.05,7,31.62
2.892016411,-29.05,7,31.62
2.897780895,-26.3,5.83,28.73
2.900869131,-26.3,5.83,28.73
2.906804562,-26.3,5.83,28.73
2.91091466,-23.23,4.77,25.5
2.914796591,-23.23,4.77,25.5
2.918765783,-19.77,3.77,21.89
2.922731876,-19.77,3.77,21.89
2.926725626,-19.77,3.77,21.89
2.930710316,-15.87,2.89,17.85
2.931707621,-15.87,2.89,17.85
2.935697079,-15.87,2.89,17.85
2.93997407,-11.47,2.08,13.32
2.942341566,-11.47,2.08,13.32
2.945835114,-6.67,1.41,8.37
2.949846506,-6.67,1.41,8.37
2.955171108,-6.67,1.41,8.37
2.960152626,-1.49,0.88,3.04
2.964141369,-1.49,0.88,3.04
2.968130589,-1.49,0.88,3.04
2.968130589,3.85,0.52,-2.46
2.976268053,3.85,0.52,-2.46
2.977107525,9.28,0.35,-8.08
2.981098652,9.28,0.35,-8.08
2.985085726,9.28,0.35,-8.08
2.988078594,14.71,0.33,-13.68
2.992068529,14.71,0.33,-13.68
2.996101379,14.71,0.33,-13.68
2.997053862,20.14,0.47,-19.29
3.001087904,20.14,0.47,-19.29
3.008024931,20.14,0.47,-19.29
3.010019541,25.5,0.75,-24.83
3.014010429,25.5,0.75,-24.83
3.01799798,30.62,1.18,-30.14
3.024980068,30.62,1.18,-30.14
3.025977135,30.62,1.18,-30.14
3.029968739,35.35,1.75,-35.04
3.033955097,35.35,1.75,-35.04
3.037986279,39.6,2.44,-39.49
3.041934252,39.6,2.44,-39.49
3.045949221,39.6,2.44,-39.49
3.04692173,43.47,3.21,-43.54
3.050909996,43.47,3.21,-43.54
3.057892323,43.47,3.21,-43.54
3.058977365,46.97,4.06,-47.19
3.066124678,46.97,4.06,-47.19
3.066958189,50.21,4.98,-50.59
3.070948124,50.21,4.98,-50.59
3.077931881,50.21,4.98,-50.59
3.078929186,53.18,5.96,-53.73
3.083032608,53.18,5.96,-53.73
3.087143898,55.79,6.98,-56.51
3.091099501,55.79,6.98,-56.51
3.095089197,55.79,6.98,-56.51
3.099081993,58.03,8.03,-58.93
3.103070736,58.03,8.03,-58.93
3.107055902,58.03,8.03,-58.93
3.111045361,60.02,9.12,-61.1
3.11503458,60.02,9.12,-61.1
3.119027853,61.75,10.27,-63.05
3.123013258,61.75,10.27,-63.05
3.128000259,61.75,10.27,-63.05
3.131989241,63.36,11.43,-64.84
3.132986069,63.36,11.43,-64.84
3.136975765,63.36,11.43,-64.84
3.141962767,64.84,12.61,-66.52
3.144955158,64.84,12.61,-66.52
3.147970915,66.16,13.79,-68.04
3.151940107,66.16,13.79,-68.04
3.155926466,66.16,13.79,-68.04
3.160081387,67.3,14.98,-69.39
3.164901733,67.3,14.98,-69.39
3.168892145,68.25,16.17,-70.53
3.172914267,68.25,16.17,-70.53
3.177017927,68.25,16.17,-70.53
3.180858612,69.08,17.33,-71.54
3.185153246,69.08,17.33,-71.54
3.188871384,69.08,17.33,-71.54
3.191831589,69.79,18.5,-72.46
3.193824053,69.79,18.5,-72.46
3.197813988,70.44,19.63,-73.3
3.20080924,70.44,19.63,-73.3
3.207787275,70.44,19.63,-73.3
3.210778952,71.03,20.73,-74.07
3.213771343,71.03,20.73,-74.07
3.218757629,71.56,21.8,-74.79
3.22175312,71.56,21.8,-74.79
3.226736069,71.56,21.8,-74.79
3.230725527,72.01,22.84,-75.43
3.234714985,72.01,22.84,-75.43
3.237869978,72.01,22.84,-75.43
3.242693424,72.37,23.84,-75.99
3.246683598,72.37,23.84,-75.99
3.24767971,72.65,24.79,-76.49
3.250672102,72.65,24.79,-76.49
3.258668423,72.65,24.79,-76.49
3.259648323,72.86,25.66,-76.92
3.266629457,72.86,25.66,-76.92
3.267671108,73,26.46,-77.3
3.274608374,73,26.46,-77.3
3.27959466,73,26.46,-77.3
3.280591965,73.11,27.19,-77.67
3.284581423,73.11,27.19,-77.67
3.291563511,73.11,27.19,-77.67
3.292560339,73.23,27.86,-78.05
3.295553207,73.23,27.86,-78.05
3.299545288,73.37,28.52,-78.43
3.303535461,73.37,28.52,-78.43
3.307519674,73.37,28.52,-78.43
3.311510324,73.53,29.15,-78.84
3.315499306,73.53,29.15,-78.84
3.320486307,73.69,29.76,-79.23
3.326469898,73.69,29.76,-79.23
3.328463793,73.69,29.76,-79.23
3.33247304,73.84,30.33,-79.58
3.333450794,73.84,30.33,-79.58
3.337441683,73.96,30.87,-79.9
3.343425035,73.96,30.87,-79.9
3.345419884,73.96,30.87,-79.9
3.348411322,74.08,31.38,-80.19
3.352400303,74.08,31.38,-80.19
3.356389284,74.08,31.38,-80.19
3.361376524,74.18,31.86,-80.45
3.36536479,74.18,31.86,-80.45
3.369354963,74.27,32.3,-80.66
3.373344421,74.27,32.3,-80.66
3.377334356,74.27,32.3,-80.66
3.381323338,74.33,32.68,-80.83
3.385311365,74.33,32.68,-80.83
3.389305353,74.37,33.01,-80.94
3.392293692,74.37,33.01,-80.94
3.394287586,74.37,33.01,-80.94
3.398276806,74.4,33.29,-81.03
3.402266026,74.4,33.29,-81.03
3.408251286,74.4,33.29,-81.03
3.410245419,74.43,33.53,-81.11
3.4142344,74.43,33.53,-81.11
3.418224335,74.46,33.74,-81.19
3.422216177,74.46,33.74,-81.19
3.427199841,74.46,33.74,-81.19
3.43118906,74.51,33.92,-81.28
3.43418169,74.51,33.92,-81.28
3.439171076,74.56,34.09,-81.35
3.443157196,74.56,34.09,-81.35
3.443157196,74.56,34.09,-81.35
3.448144674,74.59,34.26,-81.42
3.451135397,74.59,34.26,-81.42
3.458117008,74.59,34.26,-81.42
3.460112333,74.6,34.4,-81.43
3.464101553,74.6,34.4,-81.43
3.468090534,74.61,34.52,-81.44
3.475072622,74.61,34.52,-81.44
3.476069212,74.61,34.52,-81.44
3.480059147,74.6,34.6,-81.42
3.48404789,74.6,34.6,-81.42
3.491029263,74.61,34.66,-81.39
3.492026806,74.61,34.66,-81.39
3.49601841,74.61,34.66,-81.39
3.500004768,74.62,34.69,-81.38
3.503994465,74.62,34.69,-81.38
3.507983923,74.62,34.69,-81.38
3.512970686,74.64,34.71,-81.37
3.516959667,74.64,34.71,-81.37
3.520948887,74.65,34.71,-81.34
3.524938583,74.65,34.71,-81.34
3.528930187,74.65,34.71,-81.34
3.532917023,74.65,34.68,-81.31
3.533914328,74.65,34.68,-81.31
3.537903786,74.7,34.71,-81.32
3.541893482,74.7,34.71,-81.32
3.544886589,74.7,34.71,-81.32
3.548874378,74.73,34.71,-81.31
3.553861141,74.73,34.71,-81.31
3.557850838,74.73,34.71,-81.31
3.561840534,74.77,34.7,-81.31
3.565830231,74.77,34.7,-81.31
3.569818258,74.8,34.66,-81.34
3.570815563,74.8,34.66,-81.34
3.577798128,74.8,34.66,-81.34
3.581786633,74.85,34.59,-81.35
3.582783937,74.85,34.59,-81.35
3.586772919,74.85,34.59,-81.35
3.591761112,74.89,34.49,-81.37
3.594752312,74.89,34.49,-81.37
3.598741055,74.88,34.35,-81.35
3.602730513,74.88,34.35,-81.35
3.606720686,74.88,34.35,-81.35
3.610709429,74.87,34.19,-81.31
3.614698648,74.87,34.19,-81.31
3.618687391,74.86,34.04,-81.27
3.622681856,74.86,34.04,-81.27
3.627663851,74.86,34.04,-81.27
3.631653309,74.84,33.88,-81.21
3.631653309,74.84,33.88,-81.21
3.635643244,74.84,33.88,-81.21
3.641639948,74.81,33.72,-81.15
3.644619465,74.81,33.72,-81.15
3.647610903,74.78,33.55,-81.08
3.651600122,74.78,33.55,-81.08
3.655595064,74.78,33.55,-81.08
3.6595788,74.75,33.37,-81.01
3.664565802,74.75,33.37,-81.01
3.667591572,74.72,33.22,-80.95
3.672549725,74.72,33.22,-80.95
3.676605225,74.72,33.22,-80.95
3.68052268,74.7,33.07,-80.88
3.684659719,74.7,33.07,-80.88
3.688501358,74.7,33.07,-80.88
3.692490578,74.68,32.94,-80.12
3.693488359,74.68,32.94,-80.12
3.697477102,74.68,32.94,-80.12
3.701466799,74.64,32.83,-80.04
3.705459356,74.64,32.83,-80.04
3.70945096,74.61,32.72,-79.97
3.713435173,74.61,32.72,-79.97
3.717428684,74.61,32.72,-79.97
3.721413374,74.59,32.61,-79.91
3.725405455,74.59,32.61,-79.91
3.730391741,74.57,32.51,-79.86
3.733671188,74.57,32.51,-79.86
3.737370729,74.57,32.51,-79.86
3.741359949,74.56,32.4,-79.31
3.742358208,74.56,32.4,-79.31
3.747344732,74.56,32.4,-79.31
3.750487566,74.55,32.28,-79.27
3.754330873,74.55,32.28,-79.27
3.759312868,74.52,32.14,-79.21
3.762332201,74.52,32.14,-79.21
3.767290831,74.52,32.14,-79.21
3.77128005,74.49,31.98,-79.12
3.775270224,74.49,31.98,-79.12
3.779259205,74.45,31.77,-79.03
3.783341885,74.45,31.77,-79.03
3.787414789,74.45,31.77,-79.03
3.791227341,74.41,31.53,-78.53
3.792224407,74.41,31.53,-78.53
3.796214342,74.41,31.53,-78.53
3.800203085,74.38,31.24,-78.43
3.804192305,74.38,31.24,-78.43
3.809179544,74.35,30.92,-78.33
3.812171936,74.35,30.92,-78.33
3.816160202,74.35,30.92,-78.33
3.820314646,74.27,30.54,-78.18
3.825136662,74.27,30.54,-78.18
3.829155922,74.17,30.1,-77.97
3.833114147,74.17,30.1,-77.97
3.836282253,74.17,30.1,-77.97
3.840122223,74.03,29.59,-77.55
3.844233274,74.03,29.59,-77.55
3.845083237,74.03,29.59,-77.55
3.849072218,73.86,28.99,-77.26
3.853089094,73.86,28.99,-77.26
3.858077765,73.86,28.99,-77.26
3.862039089,73.67,28.33,-76.97
3.865029573,73.67,28.33,-76.97
3.869178772,73.46,27.6,-76.66
3.873008013,73.46,27.6,-76.66
3.877995729,73.46,27.6,-76.66
3.881983995,73.22,26.83,-76.33
3.885010481,73.22,26.83,-76.33
3.88933897,72.95,26.01,-75.51
3.893480301,72.95,26.01,-75.51
3.894480705,72.95,26.01,-75.51
3.898469687,72.63,25.13,-75.11
3.902459145,72.63,25.13,-75.11
3.908442974,72.63,25.13,-75.11
3.910437107,72.27,24.18,-74.62
3.914428949,72.27,24.18,-74.62
3.919413328,71.83,23.2,-74.08
3.925398827,71.83,23.2,-74.08
3.927392006,71.83,23.2,-74.08
3.931383133,71.33,22.21,-73.48
3.935370684,71.33,22.21,-73.48
3.938397884,70.79,21.17,-72.72
3.942353249,70.79,21.17,-72.72
3.946344614,70.79,21.17,-72.72
3.947341681,70.17,20.12,-72
3.953325987,70.17,20.12,-72
3.962299109,70.17,20.12,-72
3.963298798,69.45,19.03,-71.17
3.964295864,69.45,19.03,-71.17
3.968283415,68.61,17.9,-70.24
3.975282907,68.61,17.9,-70.24
3.979259491,68.61,17.9,-70.24
3.980253458,67.61,16.76,-69.21
3.984240055,67.61,16.76,-69.21
3.99221921,66.47,15.63,-68.04
3.993215561,66.47,15.63,-68.04
3.996212244,66.47,15.63,-68.04
4.000348568,65.17,14.52,-66.78
4.001194239,65.17,14.52,-66.78
4.008176327,65.17,14.52,-66.78
4.009174347,63.66,13.43,-65.36
4.016306162,63.66,13.43,-65.36
4.017152548,61.97,12.32,-63.74
4.021141052,61.97,12.32,-63.74
4.029127598,61.97,12.32,-63.74
4.033262014,60.09,11.23,-61.91
4.033262014,60.09,11.23,-61.91
4.037381649,60.09,11.23,-61.91
4.042301178,58.02,10.17,-59.9
4.045493126,58.02,10.17,-59.9
4.049493551,55.82,9.11,-57.73
4.053470135,55.82,9.11,-57.73
4.057514429,55.82,9.11,-57.73
4.061567545,53.45,8.06,-55.39
4.065437078,53.45,8.06,-55.39
4.069610834,50.84,7.02,-52.79
4.073441744,50.84,7.02,-52.79
4.077559471,50.84,7.02,-52.79
4.082433224,47.86,6.01,-49.8
4.082433224,47.86,6.01,-49.8
4.086392403,47.86,6.01,-49.8
4.09136796,44.48,5.06,-46.36
4.095360279,44.48,5.06,-46.36
4.098349571,44.48,5.06,-46.36
4.102338791,40.63,4.19,-42.4
4.106355906,40.63,4.19,-42.4
4.110470533,36.33,3.45,-37.97
4.114307642,36.33,3.45,-37.97
4.118295431,36.33,3.45,-37.97
4.122336149,31.64,2.85,-33.13
4.127394915,31.64,2.85,-33.13
4.131263018,26.67,2.4,-27.98
4.132258415,26.67,2.4,-27.98
4.135441542,26.67,2.4,-27.98
4.142425776,21.46,2.12,-22.59
4.143423796,21.46,2.12,-22.59
4.147412539,21.46,2.12,-22.59
4.151406288,16,1.99,-16.93
4.155390978,16,1.99,-16.93
4.159381151,16,1.99,-16.93
4.163394928,10.41,2.04,-11.13
4.168412924,10.41,2.04,-11.13
4.172383308,4.9,2.27,-5.41
4.176335335,4.9,2.27,-5.41
4.180352211,-0.35,2.64,0.06
4.181321621,-0.35,2.64,0.06
4.185311079,-0.35,2.64,0.06
4.192295074,-5.27,3.13,5.19
4.19329071,-5.27,3.13,5.19
4.196323633,-5.27,3.13,5.19
4.20027709,-9.87,3.74,9.99
4.203269482,-9.87,3.74,9.99
4.214235067,-9.87,3.74,9.99
4.218225479,-14.18,4.49,14.48
4.220221043,-14.18,4.49,14.48
4.221219301,-18.25,5.36,18.72
4.228198767,-18.25,5.36,18.72
4.230228901,-18.25,5.36,18.72
4.231189966,-22.05,6.36,22.67
4.234205484,-22.05,6.36,22.67
4.23816967,-22.05,6.36,22.67
4.24216032,-25.47,7.43,26.25
4.246153116,-25.47,7.43,26.25
4.25014019,-25.47,7.43,26.25
4.254169941,-28.51,8.54,29.46
4.261109352,-28.51,8.54,29.46
4.263104916,-31.22,9.68,32.34
4.266096354,-31.22,9.68,32.34
4.27017498,-33.6,10.82,34.91
4.274074078,-33.6,10.82,34.91
4.278131485,-33.6,10.82,34.91
4.283075571,-35.75,12,37.24
4.284047365,-35.75,12,37.24
4.287169456,-35.75,12,37.24
4.292072296,-37.64,13.22,39.33
4.296016932,-37.64,13.22,39.33
4.299031258,-39.31,14.49,41.15
4.303091049,-39.31,14.49,41.15
4.307027817,-39.31,14.49,41.15
4.311128616,-40.78,15.84,42.76
4.31502676,-40.78,15.84,42.76
4.319950819,-42.06,17.23,44.18
4.323941231,-42.06,17.23,44.18
4.328928232,-42.06,17.23,44.18
4.332916498,-43.19,18.67,45.45
4.336110353,-43.19,18.67,45.45
4.34010601,-43.19,18.67,45.45
4.344217062,-44.22,20.1,46.66
4.345069408,-44.22,20.1,46.66
4.349060059,-45.12,21.53,47.77
4.353047609,-45.12,21.53,47.77
4.359031916,-45.12,21.53,47.77
4.361026049,-45.92,22.92,48.83
4.365015745,-45.92,22.92,48.83
4.37000227,-46.6,24.26,49.81
4.375018835,-46.6,24.26,49.81
4.377980947,-46.6,24.26,49.81
4.381972313,-47.22,25.58,50.74
4.385959625,-47.22,25.58,50.74
4.391944647,-47.82,26.91,51.63
4.392940521,-47.82,26.91,51.63
4.396930695,-47.82,26.91,51.63
4.400923729,-48.39,28.24,52.49
4.405910254,-48.39,28.24,52.49
4.410017967,-48.39,28.24,52.49
4.413918018,-48.92,29.56,53.3
4.418026924,-48.92,29.56,53.3
4.421863079,-49.39,30.84,54.05
4.425853252,-49.39,30.84,54.05
4.429844141,-49.78,32.06,54.7
4.434851885,-49.78,32.06,54.7
4.435826778,-49.78,32.06,54.7
4.441810369,-50.08,33.25,55.27
4.442807436,-50.08,33.25,55.27
4.447799444,-50.08,33.25,55.27
4.450785875,-50.31,34.39,55.76
4.454775333,-50.31,34.39,55.76
4.458765507,-50.31,34.39,55.76
4.462784529,-50.49,35.48,56.21
4.466892719,-50.49,35.48,56.21
4.471730232,-50.64,36.53,56.62
4.475720882,-50.64,36.53,56.62
4.479947805,-50.79,37.53,57.01
4.483100414,-50.79,37.53,57.01
4.488101482,-50.79,37.53,57.01
4.491912365,-50.94,38.47,57.39
4.492910147,-50.94,38.47,57.39
4.496901512,-50.94,38.47,57.39
4.500056267,-51.08,39.37,57.76
4.50406599,-51.08,39.37,57.76
4.508867741,-51.08,39.37,57.76
4.512860298,-51.21,40.21,58.12
4.51684618,-51.21,40.21,58.12
4.5208354,-51.33,41.01,58.45
4.524824858,-51.33,41.01,58.45
4.529814482,-51.44,41.79,58.76
4.532952309,-51.44,41.79,58.76
4.536909342,-51.44,41.79,58.76
4.540808916,-51.53,42.57,58.77
4.544925451,-51.53,42.57,58.77
4.548761129,-51.53,42.57,58.77
4.549758196,-51.6,43.31,59.03
4.553747416,-51.6,43.31,59.03
4.558734179,-51.6,43.31,59.03
4.561728477,-51.62,44,59.23
4.565715551,-51.62,44,59.23
4.569777489,-51.63,44.64,59.39
4.575689554,-51.63,44.64,59.39
4.577726126,-51.63,44.64,59.39
4.58267045,-51.61,45.21,59.52
4.586658955,-51.61,45.21,59.52
4.591646433,-51.57,45.72,59.53
4.593640804,-51.57,45.72,59.53
4.597630262,-51.57,45.72,59.53
4.601619482,-51.54,46.17,59.62
4.605609894,-51.54,46.17,59.62
4.61072135,-51.54,46.17,59.62
4.614613295,-51.51,46.57,59.69
4.61872077,-51.51,46.57,59.69
4.622599125,-51.49,46.91,59.75
4.626699209,-51.49,46.91,59.75
4.630544186,-51.49,47.2,59.82
4.631541491,-51.49,47.2,59.82
4.635528326,-51.49,47.2,59.82
4.642510176,-51.49,47.44,59.53
4.643534422,-51.49,47.44,59.53
4.647499084,-51.49,47.44,59.53
4.651506424,-51.48,47.61,59.57
4.655475378,-51.48,47.61,59.57
4.659466028,-51.48,47.61,59.57
4.663457394,-51.53,47.95,59.62
4.667596579,-51.53,47.95,59.62
4.671606779,-51.53,48.04,59.65
4.675421715,-51.53,48.04,59.65
4.679419994,-51.53,48.04,59.65
4.684441566,-51.51,48.11,59.67
4.684441566,-51.51,48.11,59.67
4.69140625,-51.51,48.17,59.69
4.692401648,-51.51,48.17,59.69
4.697394133,-51.51,48.17,59.69
4.700373173,-51.5,48.22,59.69
4.704498291,-51.5,48.22,59.69
4.708333969,-51.5,48.22,59.69
4.71232605,-51.48,48.24,59.67
4.716455698,-51.48,48.24,59.67
4.72132349,-51.47,48.23,59.64
4.72528863,-51.47,48.23,59.64
4.729282379,-51.47,48.23,59.64
4.733437061,-51.44,48.19,59.58
4.737257004,-51.44,48.19,59.58
4.741303205,-51.46,48.18,59.53
4.742260695,-51.46,48.18,59.53
4.746234655,-51.46,48.18,59.53
4.750234842,-51.46,48.09,59.48
4.754211903,-51.46,48.09,59.48
4.757238626,-51.46,48.09,59.48
4.763190031,-51.44,47.99,59.42
4.766348362,-51.44,47.99,59.42
4.770168781,-51.44,47.88,59.36
4.774186373,-51.44,47.88,59.36
4.779149771,-51.44,47.88,59.36
4.78313446,-51.43,47.76,59.3
4.786289692,-51.43,47.76,59.3
4.790145159,-51.43,47.63,59.11
4.795129299,-51.43,47.63,59.11
4.796107531,-51.43,47.63,59.11
4.799091101,-51.43,47.48,59.05
4.803320169,-51.43,47.48,59.05
4.809304476,-51.43,47.48,59.05
4.812297106,-51.43,47.32,59.02
4.815288067,-51.43,47.32,59.02
4.82027483,-51.43,47.16,58.99
4.825300217,-51.43,47.16,58.99
4.828253984,-51.43,47.16,58.99
4.832278967,-51.44,47,58.98
4.836232424,-51.44,47,58.98
4.842217684,-51.45,46.85,58.91
4.843214035,-51.45,46.85,58.91
4.848200083,-51.45,46.85,58.91
4.852591276,-51.47,46.68,58.88
4.853188276,-51.47,46.68,58.88
4.860168695,-51.47,46.68,58.88
4.861166,-51.48,46.5,58.85
4.868316412,-51.48,46.5,58.85
4.86918664,-51.49,46.31,58.8
4.876126051,-51.49,46.31,58.8
4.88014245,-51.49,46.31,58.8
4.8852036,-51.5,46.1,58.74
4.886098862,-51.5,46.1,58.74
4.892083883,-51.5,45.87,58.65
4.894077539,-51.5,45.87,58.65
4.897070885,-51.5,45.87,58.65
4.901058912,-51.5,45.62,58.59
4.905052423,-51.5,45.62,58.59
4.909038305,-51.5,45.62,58.59
4.913053989,-51.52,45.43,58.53
4.917016268,-51.52,45.43,58.53
4.922026396,-51.5,45.14,58.47
4.926006317,-51.5,45.14,58.47
4.930007458,-51.5,45.14,58.47
4.934133291,-51.47,44.82,58.39
4.938143969,-51.47,44.82,58.39
4.938957214,-51.42,44.45,58.25
4.942947149,-51.42,44.45,58.25
4.946981668,-51.42,44.45,58.25
4.950926304,-51.37,44.03,58.15
4.953921556,-51.37,44.03,58.15
4.9579072,-51.37,44.03,58.15
4.962898731,-51.31,43.58,58.04
4.966883659,-51.31,43.58,58.04
4.970873356,-51.26,43.1,57.94
4.974863291,-51.26,43.1,57.94
4.978885651,-51.26,43.1,57.94
4.983837843,-51.21,42.59,57.83
4.986834288,-51.21,42.59,57.83
4.990819693,-51.13,42.03,57.69
4.995806694,-51.13,42.03,57.69
4.996804714,-51.13,42.03,57.69
5.000792742,-51.04,41.41,57.53
5.003825903,-51.04,41.41,57.53
5.008771658,-51.04,41.41,57.53
5.0127635,-50.94,40.72,57.34
5.016749859,-50.94,40.72,57.34
5.020739079,-50.83,40,57.16
5.025726557,-50.83,40,57.16
5.028749228,-50.83,40,57.16
5.032709599,-50.73,39.25,56.98
5.036696434,-50.73,39.25,56.98
5.04268074,-50.63,38.48,56.79
5.044828653,-50.63,38.48,56.79
5.048664331,-50.63,38.48,56.79
5.052653551,-50.5,37.69,56.6
5.053651094,-50.5,37.69,56.6
5.060680628,-50.5,37.69,56.6
5.061629534,-50.36,36.85,56.39
5.068611145,-50.36,36.85,56.39
5.06960845,-50.19,35.97,56.17
5.077586889,-50.19,35.97,56.17
5.081575871,-50.19,35.97,56.17
5.082572937,-50.01,35.06,55.93
5.086564302,-50.01,35.06,55.93
5.091893911,-49.81,34.1,55.69
5.093935251,-49.81,34.1,55.69
5.097877264,-49.81,34.1,55.69
5.102022171,-49.6,33.13,55.44
5.105885506,-49.6,33.13,55.44
5.109999418,-49.6,33.13,55.44
5.11386013,-49.36,32.15,55.16
5.117980003,-49.36,32.15,55.16
5.121817827,-49.1,31.14,54.84
5.126860619,-49.1,31.14,54.84
5.13078928,-48.81,30.09,54.5
5.134804726,-48.81,30.09,54.5
5.138791561,-48.81,30.09,54.5
5.142757893,-48.49,28.98,54.11
5.143754959,-48.49,28.98,54.11
5.147746086,-48.49,28.98,54.11
5.151735306,-48.14,27.84,53.67
5.154730082,-48.14,27.84,53.67
5.159712315,-48.14,27.84,53.67
5.162706614,-47.74,26.67,53.18
5.167690992,-47.74,26.67,53.18
5.171844244,-47.33,25.5,52.67
5.175670385,-47.33,25.5,52.67
5.179661989,-47.33,25.5,52.67
5.183647633,-46.84,24.3,52.09
5.187807798,-46.84,24.3,52.09
5.19162631,-46.31,23.1,51.43
5.192624331,-46.31,23.1,51.43
5.196637392,-46.31,23.1,51.43
5.200602293,-45.71,21.88,50.74
5.204596519,-45.71,21.88,50.74
5.208581209,-45.71,21.88,50.74
5.213569164,-45.04,20.64,49.98
5.217558384,-45.04,20.64,49.98
5.2215693,-44.27,19.4,49.11
5.225536585,-44.27,19.4,49.11
5.229527473,-44.27,19.4,49.11
5.233514547,-43.41,18.17,48.16
5.237503767,-43.41,18.17,48.16
5.240528107,-42.47,16.95,47.04
5.245481968,-42.47,16.95,47.04
5.249472141,-42.47,16.95,47.04
5.250468969,-41.42,15.74,45.91
5.254458666,-41.42,15.74,45.91
5.259447575,-41.42,15.74,45.91
5.262439013,-40.27,14.52,44.67
5.266426563,-40.27,14.52,44.67
5.270442009,-38.94,13.28,43.27
5.275403261,-38.94,13.28,43.27
5.281388998,-38.94,13.28,43.27
5.283381462,-37.49,12.02,41.73
5.286407471,-37.49,12.02,41.73
5.292357683,-35.88,10.76,40.03
5.294386387,-35.88,10.76,40.03
5.298341274,-35.88,10.76,40.03
5.302477837,-34.08,9.53,38.13
5.306678295,-34.08,9.53,38.13
5.310758352,-34.08,9.53,38.13
5.311660051,-32.08,8.39,36.05
5.318780184,-32.08,8.39,36.05
5.319663525,-29.84,7.3,33.71
5.326767445,-29.84,7.3,33.71
5.331606627,-29.84,7.3,33.71
5.335720778,-27.23,6.27,31.04
5.336593151,-27.23,6.27,31.04
5.34257865,-24.3,5.28,28.04
5.344571829,-24.3,5.28,28.04
5.347564697,-24.3,5.28,28.04
5.351552963,-21.03,4.35,24.73
5.355596781,-21.03,4.35,24.73
5.359532356,-21.03,4.35,24.73
5.36352253,-17.51,3.52,21.16
5.368507862,-17.51,3.52,21.16
5.371679544,-13.74,2.75,17.34
5.376487255,-13.74,2.75,17.34
5.380502224,-13.74,2.75,17.34
5.384618282,-9.74,2.09,13.29
5.385462523,-9.74,2.09,13.29
5.392444134,-9.74,2.09,13.29
5.393440723,-5.46,1.54,8.89
5.396464586,-5.46,1.54,8.89
5.400578976,-5.46,1.54,8.89
5.404415369,-0.87,1.08,4.25
5.409399271,-0.87,1.08,4.25
5.413387299,3.96,0.74,-0.62
5.417524576,3.96,0.74,-0.62
5.421535969,3.96,0.74,-0.62
5.422363758,8.95,0.51,-5.63
5.429370642,8.95,0.51,-5.63
5.430343151,13.9,0.47,-10.66
5.434343576,13.9,0.47,-10.66
5.438320875,13.9,0.47,-10.66
5.442345381,18.77,0.54,-15.58
5.44630146,18.77,0.54,-15.58
5.450289249,18.77,0.54,-15.58
5.450289249,23.45,0.72,-20.29
5.454278469,23.45,0.72,-20.29
5.458269119,23.45,0.72,-20.29
5.46325469,27.87,1.05,-24.81
5.467244625,27.87,1.05,-24.81
5.471233368,32.06,1.44,-29.07
5.475223064,32.06,1.44,-29.07
5.479212761,32.06,1.44,-29.07
5.483205557,36.07,1.93,-33.15
5.487214088,36.07,1.93,-33.15
5.491206408,39.9,2.51,-37.09
5.495169163,39.9,2.51,-37.09
5.499158859,39.9,2.51,-37.09
5.500156164,43.53,3.21,-40.86
5.504145384,43.53,3.21,-40.86
5.509131193,43.53,3.21,-40.86
5.512123585,46.92,3.99,-44.38
5.51611352,46.92,3.99,-44.38
5.520102739,49.99,4.87,-47.64
5.526086807,49.99,4.87,-47.64
5.529079437,49.99,4.87,-47.64
5.533067942,52.77,5.81,-50.61
5.536059141,52.77,5.81,-50.61
5.540053844,52.77,5.81,-50.61
5.544196844,55.29,6.81,-53.28
5.548027992,55.29,6.81,-53.28
5.549025297,55.29,6.81,-53.28
5.553014278,57.57,7.88,-55.78
5.559000969,57.57,7.88,-55.78
5.561048985,59.7,8.98,-58.07
5.56498313,59.7,8.98,-58.07
5.569969177,59.7,8.98,-58.07
5.57595396,61.63,10.13,-60.18
5.577947855,61.63,10.13,-60.18
5.581937313,63.34,11.3,-62.06
5.585926294,63.34,11.3,-62.06
5.588922977,63.34,11.3,-62.06
5.592908382,64.84,12.47,-63.73
5.597894907,64.84,12.47,-63.73
5.598891258,64.84,12.47,-63.73
5.602882862,66.14,13.64,-65.18
5.60889864,66.14,13.64,-65.18
5.610860348,67.3,14.8,-66.5
5.614849329,67.3,14.8,-66.5
5.61883831,67.3,14.8,-66.5
5.62582016,68.37,15.97,-67.71
5.626817465,68.37,15.97,-67.71
5.630806684,69.32,17.17,-68.83
5.634795666,69.32,17.17,-68.83
5.638856173,69.32,17.17,-68.83
5.64277482,70.15,18.34,-69.73
5.646788836,70.15,18.34,-69.73
5.650776625,70.15,18.34,-69.73
5.651750803,70.85,19.47,-70.57
5.655749559,70.85,19.47,-70.57
5.659729719,70.85,19.47,-70.57
5.663719893,71.43,20.57,-71.32
5.667708397,71.43,20.57,-71.32
5.67169714,71.95,21.62,-72.02
5.675688267,71.95,21.62,-72.02
5.680673361,71.95,21.62,-72.02
5.683665037,72.41,22.66,-72.65
5.68765831,72.41,22.66,-72.65
5.691644669,72.84,23.62,-73.23
5.695666313,72.84,23.62,-73.23
5.69976759,72.84,23.62,-73.23
5.700619698,73.18,24.55,-73.76
5.704609394,73.18,24.55,-73.76
5.709596634,73.18,24.55,-73.76
5.712587357,73.43,25.4,-74.21
5.716593266,73.43,25.4,-74.21
5.720593929,73.62,26.17,-74.59
5.725553989,73.62,26.17,-74.59
5.732534409,73.62,26.17,-74.59
5.733531952,73.78,26.9,-74.93
5.737521172,73.78,26.9,-74.93
5.74250865,73.93,27.59,-75
5.744502783,73.93,27.59,-75
5.748491764,73.93,27.59,-75
5.753479242,74.07,28.25,-75.3
5.753479242,74.07,28.25,-75.3
5.76172781,74.07,28.25,-75.3
5.762703896,74.2,28.91,-75.57
5.769848585,74.2,28.91,-75.57
5.770681858,74.33,29.52,-75.81
5.775668621,74.33,29.52,-75.81
5.781687021,74.33,29.52,-75.81
5.782650948,74.44,30.1,-76.01
5.78663969,74.44,30.1,-76.01
5.79262352,74.55,30.62,-76.05
5.794618845,74.55,30.62,-76.05
5.797636747,74.55,30.62,-76.05
5.802600145,74.67,31.09,-76.27
5.806597948,74.67,31.09,-76.27
5.81358695,74.67,31.09,-76.27
5.814567327,74.79,31.54,-76.5
5.818723679,74.79,31.54,-76.5
5.822545052,74.91,31.97,-76.71
5.826533556,74.91,31.97,-76.71
5.830526352,74.91,31.97,-76.71
5.834636211,74.99,32.37,-76.89
5.838681936,74.99,32.37,-76.89
5.843488693,74.99,32.37,-76.89
5.844485521,75.05,32.72,-76.82
5.848474979,75.05,32.72,-76.82
5.851629019,75.1,33.02,-76.93
5.855816364,75.1,33.02,-76.93
5.859909296,75.1,33.02,-76.93
5.863909483,75.16,33.28,-77.04
5.868028164,75.16,33.28,-77.04
5.872037411,75.21,33.54,-77.14
5.87585187,75.21,33.54,-77.14
5.87987709,75.21,33.54,-77.14
5.883979082,75.27,33.78,-77.22
5.887818813,75.27,33.78,-77.22
5.891808748,75.27,33.78,-77.22
5.895823956,75.33,34.01,-76.78
5.896832705,75.33,34.01,-76.78
5.900938034,75.36,34.2,-76.8
5.904928207,75.36,34.2,-76.8
5.90976119,75.36,34.2,-76.8
5.913750887,75.37,34.36,-76.79
5.916897535,75.37,34.36,-76.79
5.921952009,75.37,34.47,-76.76
5.925941706,75.37,34.47,-76.76
5.928935766,75.37,34.47,-76.76
5.933974743,75.37,34.53,-76.72
5.938042879,75.37,34.53,-76.72
5.941898823,75.37,34.53,-76.72
5.945889473,75.4,34.55,-76.39
5.949877024,75.4,34.55,-76.39
5.950874567,75.43,34.52,-76.38
5.954863787,75.43,34.52,-76.38
5.95885253,75.43,34.52,-76.38
5.962842703,75.46,34.46,-76.4
5.966831684,75.46,34.46,-76.4
5.970820427,75.47,34.37,-76.38
5.975808144,75.47,34.37,-76.38
5.978801966,75.47,34.37,-76.38
5.982789278,75.57,34.39,-76.44
5.986912727,75.57,34.39,-76.44
5.990768194,75.57,34.39,-76.44
5.994757175,75.58,34.21,-76.11
5.998748064,75.58,34.21,-76.11
6.002735853,75.58,34.21,-76.11
6.003732443,75.58,33.99,-76.09
6.010859728,75.58,33.99,-76.09
6.011736393,75.58,33.77,-76.07
6.019731045,75.58,33.77,-76.07
6.019731045,75.57,33.52,-76.03
6.026674271,75.57,33.52,-76.03
6.031660318,75.57,33.52,-76.03
6.032656431,75.56,33.26,-75.95
6.036645889,75.56,33.26,-75.95
6.042630196,75.56,33.26,-75.95
6.044624567,75.54,32.95,-75.59
6.04761672,75.54,32.95,-75.59
6.051609039,75.54,32.95,-75.59
6.056600094,75.5,32.6,-75.44
6.060615778,75.5,32.6,-75.44
6.064572096,75.45,32.22,-75.28
6.068706989,75.45,32.22,-75.28
6.072564125,75.38,31.82,-75.1
6.07653904,75.38,31.82,-75.1
6.080555677,75.38,31.82,-75.1
6.084664822,75.3,31.38,-74.91
6.08554101,75.3,31.38,-74.91
6.092520714,75.3,31.38,-74.91
6.0934937,75.21,30.93,-74.7
6.097484589,75.21,30.93,-74.7
6.101472616,75.21,30.93,-74.7
6.105465174,75.11,30.44,-74.49
6.109451294,75.11,30.44,-74.49
6.113441229,74.98,29.91,-74.28
6.117455959,74.98,29.91,-74.28
6.121418238,74.82,29.3,-74.03
6.126406193,74.82,29.3,-74.03
6.129400015,74.82,29.3,-74.03
6.134389162,74.64,28.64,-73.79
6.138650656,74.64,28.64,-73.79
6.142380714,74.64,28.64,-73.79
6.143362045,74.45,27.92,-73.42
6.14735198,74.45,27.92,-73.42
6.151338577,74.45,27.92,-73.42
6.155329943,74.24,27.16,-73.16
6.159318686,74.24,27.16,-73.16
6.163310289,74,26.36,-72.87
6.166298389,74,26.36,-72.87
6.171300173,73.71,25.51,-72.53
6.176273108,73.71,25.51,-72.53
6.179285288,73.71,25.51,-72.53
6.184251547,73.39,24.62,-72.13
6.187266111,73.39,24.62,-72.13
6.19123292,73.39,24.62,-72.13
6.195221424,73,23.68,-71.45
6.199246168,73,23.68,-71.45
6.200234413,73,23.68,-71.45
6.204197407,72.57,22.71,-70.93
6.210181952,72.57,22.71,-70.93
6.212219477,72.12,21.72,-70.34
6.216164589,72.12,21.72,-70.34
6.220317602,72.12,21.72,-70.34
6.226139307,71.59,20.74,-69.7
6.229134083,71.59,20.74,-69.7
6.233120203,70.99,19.77,-68.97
6.237110853,70.99,19.77,-68.97
6.240145445,70.99,19.77,-68.97
6.244130611,70.29,18.79,-68.12
6.248081446,70.29,18.79,-68.12
6.25308013,70.29,18.79,-68.12
6.25308013,69.45,17.77,-67.11
6.261047363,69.45,17.77,-67.11
6.262042284,68.45,16.72,-65.96
6.26905942,68.45,16.72,-65.96
6.273015499,68.45,16.72,-65.96
6.276007652,67.37,15.62,-64.7
6.280993462,67.37,15.62,-64.7
6.281991005,66.21,14.53,-63.39
6.285980225,66.21,14.53,-63.39
6.292965412,66.21,14.53,-63.39
6.293958187,64.98,13.43,-62
6.297948599,64.98,13.43,-62
6.30193615,64.98,13.43,-62
6.302933455,63.7,12.34,-60.52
6.309917212,63.7,12.34,-60.52
6.310913324,62.34,11.29,-58.91
6.314902782,62.34,11.29,-58.91
6.321884155,62.34,11.29,-58.91
6.32587266,60.86,10.3,-57.13
6.33086133,60.86,10.3,-57.13
6.33086133,59.18,9.39,-55.16
6.334848881,59.18,9.39,-55.16
6.342828512,59.18,9.39,-55.16
6.342828512,57.18,8.53,-53
6.346819878,57.18,8.53,-53
6.35083127,57.18,8.53,-53
6.351802826,54.83,7.7,-50.37
6.355791569,54.83,7.7,-50.37
6.359783173,54.83,7.7,-50.37
6.363816261,52.15,6.86,-47.4
6.367807627,52.15,6.86,-47.4
6.371750116,49.17,6.07,-44.18
6.376736403,49.17,6.07,-44.18
6.380728722,49.17,6.07,-44.18
6.384713888,45.98,5.26,-40.71
6.388703585,45.98,5.26,-40.71
6.392693996,45.98,5.26,-40.71
6.395687819,42.44,4.51,-36.98
6.399674892,42.44,4.51,-36.98
6.400673628,38.54,3.78,-32.88
6.404662371,38.54,3.78,-32.88
6.412641287,38.54,3.78,-32.88
6.413638115,34.24,3.13,-28.41
6.420644999,34.24,3.13,-28.41
6.421616316,29.63,2.61,-23.64
6.42859745,29.63,2.61,-23.64
6.432588339,29.63,2.61,-23.64
6.433584452,24.81,2.22,-18.63
6.437574625,24.81,2.22,-18.63
6.442560673,24.81,2.22,-18.63
6.445553541,19.81,2,-13.47
6.44958806,19.81,2,-13.47
6.453530788,14.67,1.93,-8.17
6.457521915,14.67,1.93,-8.17
6.461542606,14.67,1.93,-8.17
6.465498924,9.47,2,-2.83
6.469537735,9.47,2,-2.83
6.473514795,4.44,2.21,2.38
6.476470232,4.44,2.21,2.38
6.482453823,4.44,2.21,2.38
6.482453823,-0.29,2.55,7.29
6.486483812,-0.29,2.55,7.29
6.493425131,-0.29,2.55,7.29
6.494421721,-4.69,3.06,11.85
6.498410702,-4.69,3.06,11.85
6.502399921,-4.69,3.06,11.85
6.503397465,-8.73,3.68,16.05
6.510378599,-8.73,3.68,16.05
6.511421442,-12.48,4.42,19.97
6.51840663,-12.48,4.42,19.97
6.523402691,-12.48,4.42,19.97
6.52633667,-15.99,5.27,23.61
6.531325102,-15.99,5.27,23.61
6.53232193,-19.36,6.22,27.1
6.535313368,-19.36,6.22,27.1
6.542292833,-19.36,6.22,27.1
6.543290854,-22.5,7.25,30.39
6.547280073,-22.5,7.25,30.39
6.551268816,-22.5,7.25,30.39
6.552265882,-25.24,8.33,33.29
6.560246944,-25.24,8.33,33.29
6.564237118,-27.56,9.45,35.78
6.565234184,-27.56,9.45,35.78
6.572214365,-27.56,9.45,35.78
6.576204777,-29.55,10.58,37.95
6.580195427,-29.55,10.58,37.95
6.581191301,-31.31,11.71,39.9
6.585179329,-31.31,11.71,39.9
6.589168549,-31.31,11.71,39.9
6.594155312,-32.92,12.86,41.7
6.597150564,-32.92,12.86,41.7
6.601144314,-32.92,12.86,41.7
6.605157137,-34.4,14.01,43.36
6.609114885,-34.4,14.01,43.36
6.613131046,-34.4,14.01,43.36
6.617121458,-35.82,15.18,44.95
6.621106148,-35.82,15.18,44.95
6.625073671,-37.09,16.35,46.42
6.629089832,-37.09,16.35,46.42
6.63307786,-38.23,17.52,47.75
6.638067245,-38.23,17.52,47.75
6.638067245,-38.23,17.52,47.75
6.64302516,-39.23,18.68,48.94
6.64701438,-39.23,18.68,48.94
6.650031805,-39.23,18.68,48.94
6.654020071,-40.13,19.83,50.05
6.658010483,-40.13,19.83,50.05
6.662000418,-40.13,19.83,50.05
6.665962934,-40.95,21,51.08
6.669978619,-40.95,21,51.08
6.674940825,-41.73,22.2,52.07
6.678966761,-41.73,22.2,52.07
6.682918549,-42.5,23.43,53.05
6.68693471,-42.5,23.43,53.05
6.690922022,-42.5,23.43,53.05
6.692893505,-43.21,24.67,53.97
6.695885658,-43.21,24.67,53.97
6.69989562,-43.21,24.67,53.97
6.703861952,-43.82,25.91,54.76
6.706887722,-43.82,25.91,54.76
6.71187377,-43.82,25.91,54.76
6.715890169,-44.33,27.13,55.46
6.719820738,-44.33,27.13,55.46
6.726802349,-44.73,28.32,56.04
6.727799177,-44.73,28.32,56.04
6.732784986,-45.07,29.49,56.56
6.736773729,-45.07,29.49,56.56
6.739769459,-45.07,29.49,56.56
6.743801355,-45.37,30.64,56.89
6.748743057,-45.37,30.64,56.89
6.749740124,-45.37,30.64,56.89
6.752730846,-45.64,31.78,57.35
6.75971508,-45.64,31.78,57.35
6.760757446,-45.64,31.78,57.35
6.765698671,-45.93,32.92,57.8
6.768738747,-45.93,32.92,57.8
6.77666831,-46.22,34.06,58.25
6.777667522,-46.22,34.06,58.25
6.781655788,-46.22,34.06,58.25
6.785644054,-46.47,35.16,58.65
6.792623758,-46.47,35.16,58.65
6.793621778,-46.69,36.21,58.61
6.797612906,-46.69,36.21,58.61
6.801651001,-46.69,36.21,58.61
6.802598,-46.85,37.24,58.94
6.809579849,-46.85,37.24,58.94
6.810576677,-46.85,37.24,58.94
6.814567566,-46.97,38.23,59.23
6.81855464,-46.97,38.23,59.23
6.826536894,-47.06,39.19,59.5
6.827531338,-47.06,39.19,59.5
6.834561586,-47.06,39.19,59.5
6.835510731,-47.12,40.1,59.75
6.839499712,-47.12,40.1,59.75
6.843490124,-47.14,40.95,59.72
6.846487284,-47.14,40.95,59.72
6.850471735,-47.14,40.95,59.72
6.854459763,-47.11,41.74,59.88
6.855457067,-47.11,41.74,59.88
6.863440037,-47.11,41.74,59.88
6.864434719,-47.05,42.43,60
6.87145853,-47.05,42.43,60
6.872411251,-46.99,43.05,60.12
6.879427433,-46.99,43.05,60.12
6.8834095,-46.99,43.05,60.12
6.887419701,-46.92,43.59,60.23
6.888409138,-46.92,43.59,60.23
6.893357277,-46.88,44.05,60.29
6.896349192,-46.88,44.05,60.29
6.900352716,-46.88,44.05,60.29
6.903376579,-46.86,44.45,60.41
6.908315897,-46.86,44.45,60.41
6.912339211,-46.86,44.45,60.41
6.916324854,-46.86,44.79,60.53
6.920309305,-46.86,44.79,60.53
6.924273252,-46.88,45.08,60.63
6.928288698,-46.88,45.08,60.63
6.93225193,-46.88,45.08,60.63
6.936275482,-46.91,45.32,60.72
6.940269709,-46.91,45.32,60.72
6.945248842,-46.94,45.54,60.74
6.946214199,-46.94,45.54,60.74
6.950203657,-46.94,45.54,60.74
6.953196049,-46.98,45.74,60.81
6.957186222,-46.98,45.74,60.81
6.961188078,-46.98,45.74,60.81
6.966159821,-46.99,45.91,60.84
6.969152212,-46.99,45.91,60.84
6.976133108,-47,46.03,60.86
6.977131844,-47,46.03,60.86
6.982119322,-47,46.03,60.86
6.986155033,-46.98,46.13,60.85
6.990102053,-46.98,46.13,60.85
6.994121552,-46.97,46.19,60.67
6.9980762,-46.97,46.19,60.67
6.999074459,-46.97,46.19,60.67
7.00306201,-46.95,46.23,60.64
7.00907445,-46.95,46.23,60.64
7.011041641,-46.95,46.23,60.64
7.015031099,-46.95,46.22,60.61
7.019020081,-46.95,46.22,60.61
7.026998758,-46.95,46.19,60.56
7.027997255,-46.95,46.19,60.56
7.031986475,-46.95,46.19,60.56
7.035973549,-46.95,46.14,60.5
7.041957855,-46.95,46.14,60.5
7.042955875,-46.95,46.07,60.3
7.046945572,-46.95,46.07,60.3
7.050933599,-46.95,46.07,60.3
7.054922819,-46.93,46,60.23
7.058913469,-46.93,46,60.23
7.063900471,-46.93,46,60.23
7.064897776,-46.9,45.89,60.13
7.071902752,-46.9,45.89,60.13
7.080860138,-46.9,45.84,60.06
7.08285284,-46.9,45.84,60.06
7.084846735,-46.9,45.84,60.06
7.085840225,-46.9,45.7,59.99
7.089832306,-46.9,45.7,59.99
7.093818903,-46.9,45.57,59.87
7.096831799,-46.9,45.57,59.87
7.100932121,-46.9,45.57,59.87
7.104930162,-46.91,45.42,59.81
7.108780622,-46.91,45.42,59.81
7.112794876,-46.91,45.42,59.81
7.116899729,-46.93,45.26,59.75
7.120750666,-46.93,45.26,59.75
7.124778032,-46.94,45.07,59.68
7.128870964,-46.94,45.07,59.68
7.133738279,-46.94,45.07,59.68
7.137701511,-46.97,44.86,59.61
7.141718149,-46.97,44.86,59.61
7.142688274,-46.98,44.62,59.51
7.146681786,-46.98,44.62,59.51
7.150666714,-46.98,44.62,59.51
7.154655695,-46.99,44.35,59.44
7.157648087,-46.99,44.35,59.44
7.161642075,-46.99,44.35,59.44
7.165628195,-47.01,44.06,59.35
7.170665979,-47.01,44.06,59.35
7.174284697,-47.05,43.84,59.27
7.178399086,-47.05,43.84,59.27
7.182240486,-47.05,43.84,59.27
7.186396599,-47.12,43.65,59.2
7.190223932,-47.12,43.65,59.2
7.195228338,-47.13,43.27,59.03
7.195228338,-47.13,43.27,59.03
7.199195623,-47.13,43.27,59.03
7.203340054,-47.15,42.85,58.9
7.21016407,-47.15,42.85,58.9
7.211161852,-47.15,42.85,58.9
7.216150284,-47.15,42.37,58.75
7.219139576,-47.15,42.37,58.75
7.226121664,-47.16,41.84,58.61
7.227120161,-47.16,41.84,58.61
7.231112003,-47.16,41.84,58.61
7.236264467,-47.15,41.28,58.45
7.240088463,-47.15,41.28,58.45
7.244220018,-47.14,40.66,58.26
7.24806428,-47.14,40.66,58.26
7.249060392,-47.14,40.66,58.26
7.253049374,-47.11,40.03,58.09
7.260031462,-47.11,40.03,58.09
7.261029482,-47.11,40.03,58.09
7.265019655,-47.06,39.36,57.91
7.269007206,-47.06,39.36,57.91
7.276985884,-47.01,38.66,57.73
7.27798295,-47.01,38.66,57.73
7.2819736,-47.01,38.66,57.73
7.28596139,-46.94,37.91,57.53
7.292943001,-46.94,37.91,57.53
7.293942213,-46.85,37.09,57.26
7.296933413,-46.85,37.09,57.26
7.300925493,-46.85,37.09,57.26
7.30491519,-46.81,36.41,57.06
7.309896708,-46.81,36.41,57.06
7.313914299,-46.81,36.41,57.06
7.314885378,-46.7,35.52,56.83
7.321869135,-46.7,35.52,56.83
7.321869135,-46.55,34.59,56.57
7.329849005,-46.55,34.59,56.57
7.334867477,-46.55,34.59,56.57
7.335828543,-46.37,33.62,56.27
7.338852882,-46.37,33.62,56.27
7.342810869,-46.15,32.63,55.94
7.346806049,-46.15,32.63,55.94
7.350813866,-46.15,32.63,55.94
7.354781389,-45.89,31.58,55.57
7.358767986,-45.89,31.58,55.57
7.362757921,-45.89,31.58,55.57
7.366745949,-45.58,30.51,55.14
7.37073946,-45.58,30.51,55.14
7.374723911,-45.23,29.42,54.68
7.378863811,-45.23,29.42,54.68
7.382729053,-45.23,29.42,54.68
7.387689114,-44.81,28.29,54.15
7.391680002,-44.81,28.29,54.15
7.393673897,-44.36,27.14,53.58
7.396668673,-44.36,27.14,53.58
7.40065527,-44.36,27.14,53.58
7.404649258,-43.87,25.96,52.97
7.407637596,-43.87,25.96,52.97
7.411786795,-43.87,25.96,52.97
7.415616035,-43.34,24.79,52.34
7.419788361,-43.34,24.79,52.34
7.423598528,-42.78,23.59,51.66
7.42865324,-42.78,23.59,51.66
7.432571173,-42.78,23.59,51.66
7.43670249,-42.17,22.39,50.95
7.440832853,-42.17,22.39,50.95
7.444926023,-41.52,21.18,50.18
7.448781013,-41.52,21.18,50.18
7.449777603,-41.52,21.18,50.18
7.453766346,-40.81,19.97,49.37
7.459750175,-40.81,19.97,49.37
7.460747957,-40.81,19.97,49.37
7.465735674,-40.01,18.75,48.48
7.468889236,-40.01,18.75,48.48
7.47670579,-39.12,17.57,47.49
7.477702379,-39.12,17.57,47.49
7.481692553,-39.12,17.57,47.49
7.485684633,-38.14,16.38,46.4
7.493660927,-38.14,16.38,46.4
7.494657516,-37.03,15.23,45.16
7.497681379,-37.03,15.23,45.16
7.501642466,-37.03,15.23,45.16
7.502635241,-35.78,14.08,43.79
7.509617567,-35.78,14.08,43.79
7.510616064,-35.78,14.08,43.79
7.515601873,-34.39,12.94,42.31
7.522750854,-34.39,12.94,42.31
7.526589155,-32.83,11.82,40.66
7.527569294,-32.83,11.82,40.66
7.53457427,-32.83,11.82,40.66
7.535547733,-31.11,10.72,38.85
7.539537668,-31.11,10.72,38.85
7.544524431,-31.11,10.72,38.85
7.547520399,-29.17,9.64,36.83
7.55150485,-29.17,9.64,36.83
7.555681944,-27.02,8.57,34.61
7.556492567,-27.02,8.57,34.61
7.56349802,-27.02,8.57,34.61
7.564471245,-24.66,7.55,32.17
7.571451426,-24.66,7.55,32.17
7.572450161,-22.06,6.56,29.49
7.576440096,-22.06,6.56,29.49
7.583419561,-22.06,6.56,29.49
7.584417105,-19.22,5.66,26.56
7.588431835,-19.22,5.66,26.56
7.593393564,-19.22,5.66,26.56
7.596416235,-16.12,4.82,23.37
7.600374699,-16.12,4.82,23.37
7.604367256,-16.12,4.82,23.37
7.608354092,-12.71,4.01,19.9
7.612487316,-12.71,4.01,19.9
7.616331816,-8.95,3.27,16.08
7.62032485,-8.95,3.27,16.08
7.624310732,-8.95,3.27,16.08
7.629297256,-5,2.68,12.02
7.633286953,-5,2.68,12.02
7.63730073,-0.83,2.2,7.75
7.638272285,-0.83,2.2,7.75
7.642287254,-0.83,2.2,7.75
7.646252632,3.48,1.86,3.29
7.649270058,3.48,1.86,3.29
7.653407812,3.48,1.86,3.29
7.65425539,7.96,1.64,-1.27
7.660214663,7.96,1.64,-1.27
7.662209034,7.96,1.64,-1.27
7.666200161,12.5,1.56,-5.94
7.670370102,12.5,1.56,-5.94
7.677170515,17.18,1.53,-10.69
7.678320646,17.18,1.53,-10.69
7.683153629,17.18,1.53,-10.69
7.687142372,21.82,1.62,-15.42
7.693127155,21.82,1.62,-15.42
7.694123983,26.33,1.8,-20.05
7.698114395,26.33,1.8,-20.05
7.703099489,26.33,1.8,-20.05
7.703099489,30.64,2.08,-24.45
7.710081816,30.64,2.08,-24.45
7.711219549,30.64,2.08,-24.45
7.716067553,34.78,2.45,-28.67
7.719060659,34.78,2.45,-28.67
7.726038694,38.79,2.95,-32.77
7.728033066,38.79,2.95,-32.77
7.731026411,38.79,2.95,-32.77
7.736011505,42.68,3.55,-36.75
7.739007711,42.68,3.55,-36.75
7.742993355,42.68,3.55,-36.75
7.747982025,46.45,4.25,-40.59
7.748978615,46.45,4.25,-40.59
7.752966881,46.45,4.25,-40.59
7.759948492,49.97,5.04,-44.22
7.760944605,49.97,5.04,-44.22
7.764936924,53.15,5.93,-47.51
7.768923759,53.15,5.93,-47.51
7.785882473,53.15,5.93,-47.51
7.788877249,56.06,6.9,-50.52
7.798849821,56.06,6.9,-50.52
7.801839828,58.77,7.94,-53.3
7.802832842,58.77,7.94,-53.3
7.803834438,58.77,7.94,-53.3
7.805826187,61.34,9.04,-55.93
7.806823969,61.34,9.04,-55.93
7.811810255,61.34,9.04,-55.93
7.81280756,63.81,10.24,-58.45
7.813810825,63.81,10.24,-58.45
7.814805508,66.17,11.49,-60.87
7.817793846,66.17,11.49,-60.87
7.821806431,66.17,11.49,-60.87
7.82676959,68.32,12.8,-63.1
7.829763889,68.32,12.8,-63.1
7.834747791,70.15,14.14,-65.06
7.837915659,70.15,14.14,-65.06
7.841729164,70.15,14.14,-65.06
7.845863819,71.7,15.53,-66.73
7.84972477,71.7,15.53,-66.73
7.850704908,71.7,15.53,-66.73
7.85474205,73.02,16.92,-68.21
7.859681368,73.02,16.92,-68.21
7.862677813,73.02,16.92,-68.21
7.866662741,74.18,18.33,-69.53
7.870829582,74.18,18.33,-69.53
7.876635313,75.23,19.73,-70.75
7.878630638,75.23,19.73,-70.75
7.883619547,75.23,19.73,-70.75
7.88765955,76.17,21.09,-71.86
7.890601158,76.17,21.09,-71.86
7.894593,76.17,21.09,-71.86
7.899576664,76.98,22.4,-72.86
7.900571823,76.98,22.4,-72.86
7.904561758,77.69,23.63,-73.77
7.910545826,77.69,23.63,-73.77
7.911681175,77.69,23.63,-73.77
7.916529179,78.29,24.8,-74.59
7.920517683,78.29,24.8,-74.59
7.926503181,78.8,25.92,-75.35
7.928497076,78.8,25.92,-75.35
7.932488441,78.8,25.92,-75.35
7.937473536,79.25,26.98,-76.06
7.943457603,79.25,26.98,-76.06
7.944454908,79.25,26.98,-76.06
7.948468685,79.63,28,-76.65
7.952607155,79.63,28,-76.65
7.953431129,79.95,28.99,-77.24
7.960669041,79.95,28.99,-77.24
7.961664677,79.95,28.99,-77.24
7.965656042,80.19,29.97,-77.77
7.969643354,80.19,29.97,-77.77
7.976625443,80.34,30.9,-78.21
7.977621794,80.34,30.9,-78.21
7.985758781,80.34,30.9,-78.21
7.986597776,80.43,31.77,-78.59
7.989613295,80.43,31.77,-78.59
7.994578362,80.43,31.77,-78.59
7.998568296,80.5,32.58,-78.58
8.001600027,80.5,32.58,-78.58
8.005727291,80.55,33.33,-78.91
8.010534286,80.55,33.33,-78.91
8.013551474,80.55,33.33,-78.91
8.018553734,80.62,34.04,-79.24
8.022688389,80.62,34.04,-79.24
8.026491404,80.71,34.72,-79.58
8.030511379,80.71,34.72,-79.58
8.03462553,80.71,34.72,-79.58
8.038459063,80.8,35.36,-79.87
8.038459063,80.8,35.36,-79.87
8.043446779,80.8,35.36,-79.87
8.04743886,80.87,35.96,-80.01
8.051424742,80.87,35.96,-80.01
8.054420948,80.87,35.96,-80.01
8.058406115,80.92,36.49,-80.22
8.06262064,80.92,36.49,-80.22
8.067828417,80.94,36.97,-80.4
8.071971416,80.94,36.97,-80.4
8.075625896,80.95,37.39,-80.56
8.079632282,80.95,37.39,-80.56
8.083573103,80.95,37.39,-80.56
8.087727308,80.98,37.78,-80.72
8.09158349,80.98,37.78,-80.72
8.093545437,80.98,37.78,-80.72
8.097537994,80.99,38.12,-80.87
8.10052681,80.99,38.12,-80.87
8.104667187,81.03,38.43,-81
8.108505249,81.03,38.43,-81
8.112580538,81.03,38.43,-81
8.116515636,81.04,38.7,-81.1
8.120477915,81.04,38.7,-81.1
8.127454519,81.05,38.92,-81.15
8.128452301,81.05,38.92,-81.15
8.133439064,81.05,38.92,-81.15
8.137463093,81.05,39.08,-81.17
8.143412828,81.05,39.08,-81.17
8.144409418,81.05,39.08,-81.17
8.149447203,81.04,39.21,-81.16
8.153568745,81.04,39.21,-81.16
8.154382944,81.03,39.3,-81.14
8.161001921,81.03,39.3,-81.14
8.164993525,81.03,39.3,-81.14
8.165990114,81.01,39.36,-81.1
8.173973322,81.01,39.36,-81.1
8.176959038,81,39.4,-81.07
8.181947947,81,39.4,-81.07
8.18612051,81,39.4,-81.07
8.186932802,80.98,39.42,-81.03
8.192916393,80.98,39.42,-81.03
8.194911242,80.97,39.4,-80.98
8.198902607,80.97,39.4,-80.98
8.201892614,80.97,39.4,-80.98
8.206067085,80.95,39.35,-80.93
8.210868835,80.95,39.35,-80.93
8.214900494,80.95,39.35,-80.93
8.218847036,80.93,39.27,-80.88
8.222992182,80.93,39.27,-80.88
8.226825953,80.92,39.14,-80.82
8.230824947,80.92,39.14,-80.82
8.234855652,80.92,39.14,-80.82
8.23987174,80.91,38.99,-80.77
8.242783308,80.91,38.99,-80.77
8.243780375,80.91,38.8,-80.73
8.247772694,80.91,38.8,-80.73
8.251759768,80.91,38.8,-80.73
8.25593257,80.91,38.61,-80.67
8.259738207,80.91,38.61,-80.67
8.263730764,80.91,38.61,-80.67
8.26788044,80.91,38.36,-80.61
8.27188468,80.91,38.36,-80.61
8.275747061,80.95,38.18,-80.59
8.279782057,80.95,38.18,-80.59
8.284670353,80.95,38.18,-80.59
8.288766623,81.01,37.97,-80.55
8.292649746,81.01,37.97,-80.55
8.29664135,81.06,37.71,-80.51
8.297639608,81.06,37.71,-80.51
8.301626205,81.06,37.71,-80.51
8.30561614,81.05,37.37,-80.44
8.308639288,81.05,37.37,-80.44
8.312596083,81.05,37.37,-80.44
8.31758666,81.03,37.02,-80.35
8.320575476,81.03,37.02,-80.35
8.327557564,81,36.65,-80.25
8.329585552,81,36.65,-80.25
8.333577871,81,36.65,-80.25
8.337529421,80.96,36.23,-80.13
8.341518879,80.96,36.23,-80.13
8.345508337,80.91,35.77,-79.98
8.349499464,80.91,35.77,-79.98
8.350495577,80.91,35.77,-79.98
8.35448432,80.84,35.28,-79.84
8.360469103,80.84,35.28,-79.84
8.362463236,80.84,35.28,-79.84
8.366454601,80.77,34.72,-79.7
8.370441198,80.77,34.72,-79.7
8.378473043,80.7,34.13,-79.56
8.379418373,80.7,34.13,-79.56
8.383407593,80.7,34.13,-79.56
8.387396812,80.62,33.51,-79.43
8.394378662,80.62,33.51,-79.43
8.395375729,80.5,32.85,-78.89
8.398368359,80.5,32.85,-78.89
8.403353453,80.5,32.85,-78.89
8.407348871,80.37,32.15,-78.69
8.410335779,80.37,32.15,-78.69
8.415354252,80.37,32.15,-78.69
8.416318417,80.2,31.39,-78.44
8.423299789,80.2,31.39,-78.44
8.427291393,80.01,30.59,-78.18
8.428288221,80.01,30.59,-78.18
8.435268641,80.01,30.59,-78.18
8.43626523,79.82,29.76,-77.89
8.443247318,79.82,29.76,-77.89
8.444245338,79.6,28.93,-77.49
8.448233843,79.6,28.93,-77.49
8.452223539,79.6,28.93,-77.49
8.456212044,79.37,28.06,-77.17
8.460201502,79.37,28.06,-77.17
8.464191914,79.37,28.06,-77.17
8.468181849,79.07,27.15,-76.79
8.472169161,79.07,27.15,-76.79
8.476158857,78.72,26.18,-76.31
8.481146336,78.72,26.18,-76.31
8.485135555,78.72,26.18,-76.31
8.489123821,78.31,25.14,-75.79
8.489123821,78.31,25.14,-75.79
8.4941113,77.88,24.07,-75.1
8.498101711,77.88,24.07,-75.1
8.501092196,77.88,24.07,-75.1
8.505081415,77.41,22.98,-74.52
8.509071112,77.41,22.98,-74.52
8.514062405,77.41,22.98,-74.52
8.518046856,76.9,21.89,-73.89
8.522036552,76.9,21.89,-73.89
8.526025295,76.34,20.79,-73.21
8.530016184,76.34,20.79,-73.21
8.534003973,76.34,20.79,-73.21
8.537993431,75.71,19.66,-72.45
8.541987181,75.71,19.66,-72.45
8.54597187,75.71,19.66,-72.45
8.546971083,74.97,18.51,-71.53
8.550959349,74.97,18.51,-71.53
8.554948807,74.15,17.33,-70.6
8.559936047,74.15,17.33,-70.6
8.562926531,74.15,17.33,-70.6
8.566915989,73.22,16.16,-69.56
8.570905924,73.22,16.16,-69.56
8.576890469,72.2,14.98,-68.43
8.578885078,72.2,14.98,-68.43
8.582874298,72.2,14.98,-68.43
8.587860584,71.04,13.82,-67.19
8.591849566,71.04,13.82,-67.19
8.595839024,71.04,13.82,-67.19
8.599828243,69.73,12.67,-65.82
8.603817463,69.73,12.67,-65.82
8.603817463,68.24,11.48,-64.24
8.609802723,68.24,11.48,-64.24
8.615787268,68.24,11.48,-64.24
8.616784096,66.55,10.32,-62.48
8.62376523,66.55,10.32,-62.48
8.626756668,64.64,9.19,-60.51
8.628751278,64.64,9.19,-60.51
8.63672924,64.64,9.19,-60.51
8.63672924,62.59,8.11,-58.34
8.643711329,62.59,8.11,-58.34
8.644708633,60.31,7.12,-56
8.64869833,60.31,7.12,-56
8.652687311,60.31,7.12,-56
8.656676531,57.82,6.14,-53.43
8.659671068,57.82,6.14,-53.43
8.664657593,57.82,6.14,-53.43
8.665655136,55,5.21,-50.64
8.673630714,55,5.21,-50.64
8.676623106,51.8,4.29,-47.5
8.677653074,51.8,4.29,-47.5
8.685599327,51.8,4.29,-47.5
8.686596632,48.27,3.37,-44.07
8.693578005,48.27,3.37,-44.07
8.694574833,48.27,3.37,-44.07
8.697570801,44.4,2.49,-40.3
8.702553511,44.4,2.49,-40.3
8.706604481,44.4,2.49,-40.3
8.710532904,40.13,1.68,-36.15
8.714524746,40.13,1.68,-36.15
8.715520859,35.38,0.96,-31.49
8.72266984,35.38,0.96,-31.49
8.726506233,35.38,0.96,-31.49
8.730482101,30.17,0.39,-26.35
8.734468699,30.17,0.39,-26.35
8.735465288,24.42,0,-20.67
8.739454508,24.42,0,-20.67
8.743443966,24.42,0,-20.67
8.747639656,18.3,-0.24,-14.49
8.751627684,18.3,-0.24,-14.49
8.755616903,18.3,-0.24,-14.49
8.759636164,12.02,-0.24,-8.15
8.763640881,12.02,-0.24,-8.15
8.767739534,5.91,-0.01,-1.92
8.771744967,5.91,-0.01,-1.92
8.77556324,5.91,-0.01,-1.92
8.776561499,0.21,0.39,3.96
8.783542156,0.21,0.39,3.96
8.7845397,-5.07,0.97,9.44
8.788558245,-5.07,0.97,9.44
8.793515682,-5.07,0.97,9.44
8.796705246,-9.93,1.68,14.51
8.799722433,-9.93,1.68,14.51
8.804843187,-9.93,1.68,14.51
8.80567503,-14.47,2.52,19.22
8.810662746,-14.47,2.52,19.22
8.816671848,-14.47,2.52,19.22
8.817642689,-18.6,3.43,23.53
8.824628592,-18.6,3.43,23.53
8.827616215,-22.2,4.4,27.3
8.82963562,-22.2,4.4,27.3
8.837593555,-22.2,4.4,27.3
8.838586807,-25.33,5.43,30.6
8.84360075,-25.33,5.43,30.6
8.846565723,-25.33,5.43,30.6
8.849581718,-28.09,6.51,33.53
8.853566647,-28.09,6.51,33.53
8.857544422,-30.57,7.63,36.17
8.861671686,-30.57,7.63,36.17
8.865514994,-30.57,7.63,36.17
8.86950779,-32.84,8.76,38.61
8.874498606,-32.84,8.76,38.61
8.878484726,-34.94,9.94,40.87
8.882470608,-34.94,9.94,40.87
8.886775494,-34.94,9.94,40.87
8.890448332,-36.79,11.11,42.9
8.893440723,-36.79,11.11,42.9
8.895433903,-38.41,12.31,44.71
8.899468422,-38.41,12.31,44.71
8.903413296,-38.41,12.31,44.71
8.906409502,-39.82,13.48,46.31
8.910395384,-39.82,13.48,46.31
8.914598227,-39.82,13.48,46.31
8.919722319,-41.06,14.66,47.76
8.923702955,-41.06,14.66,47.76
8.928537846,-42.22,15.84,49.11
8.931560993,-42.22,15.84,49.11
8.935662746,-42.22,15.84,49.11
8.939811468,-43.26,17.01,50.33
8.943754673,-43.26,17.01,50.33
8.947772741,-44.18,18.19,51.45
8.948742628,-44.18,18.19,51.45
8.952731133,-44.18,18.19,51.45
8.956720352,-44.99,19.36,52.46
8.960709095,-44.99,19.36,52.46
8.965696573,-44.99,19.36,52.46
8.968720913,-45.7,20.52,53.38
8.972717285,-45.7,20.52,53.38
8.977664948,-46.33,21.68,54.26
8.981654167,-46.33,21.68,54.26
8.985643148,-46.89,22.84,55.09
8.989632368,-46.89,22.84,55.09
8.993622303,-46.89,22.84,55.09
8.996620178,-47.41,24.02,55.9
9.000602961,-47.41,24.02,55.9
9.005589247,-47.41,24.02,55.9
9.005589247,-47.88,25.22,56.67
9.01360178,-47.88,25.22,56.67
9.017557859,-47.88,25.22,56.67
9.018555164,-48.31,26.42,57.39
9.025561094,-48.31,26.42,57.39
9.027531147,-48.7,27.6,58.06
9.033539057,-48.7,27.6,58.06
9.038598537,-49.03,28.78,58.67
9.039499044,-49.03,28.78,58.67
9.043488741,-49.03,28.78,58.67
9.046480656,-49.31,29.95,58.94
9.050469875,-49.31,29.95,58.94
9.054458857,-49.31,29.95,58.94
9.058448076,-49.53,31.1,59.45
9.062437534,-49.53,31.1,59.45
9.066426516,-49.53,31.1,59.45
9.070575237,-49.72,32.28,59.93
9.074410677,-49.72,32.28,59.93
9.078556061,-49.86,33.45,60.37
9.082411528,-49.86,33.45,60.37
9.087556839,-49.86,33.45,60.37
9.091392517,-49.98,34.62,60.78
9.094352007,-49.98,34.62,60.78
9.096347332,-50.05,35.77,60.86
9.100336552,-50.05,35.77,60.86
9.104325533,-50.05,35.77,60.86
9.107317686,-50.1,36.86,61.17
9.111307144,-50.1,36.86,61.17
9.115297079,-50.1,36.86,61.17
9.12028265,-50.15,37.91,61.45
9.124277353,-50.15,37.91,61.45
9.12839222,-50.17,38.91,61.69
9.132292032,-50.17,38.91,61.69
9.136404991,-50.17,38.91,61.69
9.140439034,-50.19,39.88,61.94
9.14442873,-50.19,39.88,61.94
9.145426273,-50.2,40.82,62.02
9.14941597,-50.2,40.82,62.02
9.15340519,-50.2,40.82,62.02
9.160386324,-50.2,41.73,62.24
9.16138339,-50.2,41.73,62.24
9.16440177,-50.2,41.73,62.24
9.168365717,-50.19,42.6,62.44
9.173351049,-50.19,42.6,62.44
9.177343369,-50.17,43.43,62.63
9.181333303,-50.17,43.43,62.63
9.185478687,-50.17,43.43,62.63
9.189486742,-50.14,44.21,62.8
9.193334818,-50.14,44.21,62.8
9.19728899,-50.1,44.95,62.92
9.201300383,-50.1,44.95,62.92
9.202274084,-50.1,44.95,62.92
9.207261324,-50.08,45.64,63.08
9.210252762,-50.08,45.64,63.08
9.21524024,-50.08,45.64,63.08
9.219228745,-50.04,46.28,63.23
9.222224474,-50.04,46.28,63.23
9.227208614,-50.01,46.87,63.36
9.233194828,-50.01,46.87,63.36
9.237184525,-50.01,46.87,63.36
9.240204573,-49.96,47.4,63.46
9.245161295,-49.96,47.4,63.46
9.247153997,-49.91,47.87,63.41
9.25114274,-49.91,47.87,63.41
9.25513196,-49.91,47.87,63.41
9.25612998,-49.86,48.28,63.46
9.260119438,-49.86,48.28,63.46
9.267100573,-49.86,48.28,63.46
9.268097878,-49.83,48.62,63.48
9.27507925,-49.83,48.62,63.48
9.277074575,-49.79,48.93,63.49
9.283059597,-49.79,48.93,63.49
9.288379669,-49.79,48.93,63.49
9.289043903,-49.77,49.2,63.5
9.294028997,-49.77,49.2,63.5
9.297021389,-49.76,49.44,63.03
9.301009893,-49.76,49.44,63.03
9.304170609,-49.76,49.44,63.03
9.308031082,-49.75,49.63,63.02
9.31212759,-49.75,49.63,63.02
9.315970659,-49.75,49.63,63.02
9.320966959,-49.74,49.77,62.99
9.324950218,-49.74,49.77,62.99
9.329087496,-49.73,49.87,62.96
9.332924843,-49.73,49.87,62.96
9.33706975,-49.73,49.87,62.96
9.340933561,-49.71,49.92,62.94
9.34489274,-49.71,49.92,62.94
9.345891476,-49.71,49.92,62.9
9.349879026,-49.71,49.92,62.9
9.354866266,-49.71,49.92,62.9
9.360850573,-49.72,49.87,62.89
9.361847639,-49.72,49.87,62.89
9.365837574,-49.72,49.87,62.89
9.36983037,-49.73,49.78,62.87
9.373815298,-49.73,49.78,62.87
9.377805233,-49.8,49.87,62.87
9.38179493,-49.8,49.87,62.87
9.385783434,-49.8,49.87,62.87
9.389945507,-49.84,49.7,62.84
9.393762589,-49.84,49.7,62.84
9.398748636,-49.89,49.5,62.78
9.399746656,-49.89,49.5,62.78
9.402801752,-49.89,49.5,62.78
9.411714554,-49.95,49.27,62.72
9.411714554,-49.95,49.27,62.72
9.415704727,-49.95,49.27,62.72
9.419692993,-50,49.02,62.66
9.423682213,-50,49.02,62.66
9.427698135,-50.05,48.74,62.59
9.431661844,-50.05,48.74,62.59
9.435649872,-50.05,48.74,62.59
9.439643621,-50.1,48.43,62.48
9.444626331,-50.1,48.43,62.48
9.447619915,-50.12,48.08,62.34
9.451611996,-50.12,48.08,62.34
9.455600262,-50.12,48.08,62.34
9.45659399,-50.16,47.69,62.21
9.460583925,-50.16,47.69,62.21
9.464578152,-50.16,47.69,62.21
9.468561649,-50.25,47.45,62.09
9.472551107,-50.25,47.45,62.09
9.477539063,-50.28,46.99,61.94
9.481527805,-50.28,46.99,61.94
9.485516548,-50.28,46.99,61.94
9.489506006,-50.31,46.5,61.77
9.494493484,-50.31,46.5,61.77
9.497486353,-50.33,45.98,61.5
9.500476599,-50.33,45.98,61.5
9.504470825,-50.33,45.98,61.5
9.508455515,-50.35,45.43,61.31
9.513441801,-50.35,45.43,61.31
9.517431736,-50.35,45.43,61.31
9.517431736,-50.35,44.82,61.09
9.525434971,-50.35,44.82,61.09
9.529399633,-50.33,44.19,60.82
9.533416033,-50.33,44.19,60.82
9.537540913,-50.33,44.19,60.82
9.541371346,-50.29,43.55,60.53
9.543395996,-50.29,43.55,60.53
9.546355247,-50.24,42.9,60.19
9.550343275,-50.24,42.9,60.19
9.554387569,-50.24,42.9,60.19
9.558323383,-50.19,42.24,59.86
9.562315941,-50.19,42.24,59.86
9.566301107,-50.19,42.24,59.86
9.57028985,-50.1,41.56,59.48
9.574281693,-50.1,41.56,59.48
9.578269005,-50.01,40.86,59.06
9.582259893,-50.01,40.86,59.06
9.586414337,-50.01,40.86,59.06
9.591235876,-49.92,40.12,58.62
9.595224142,-49.92,40.12,58.62
9.59622097,-49.85,39.35,58.16
9.600210428,-49.85,39.35,58.16
9.603375673,-49.85,39.35,58.16
9.610230207,-49.78,38.54,57.72
9.611180544,-49.78,38.54,57.72
9.615171909,-49.78,38.54,57.72
9.620158434,-49.7,37.68,57.29
9.623152733,-49.7,37.68,57.29
9.628180742,-49.58,36.79,56.88
9.632124662,-49.58,36.79,56.88
9.636118174,-49.58,36.79,56.88
9.641106129,-49.43,35.86,56.48
9.64409399,-49.43,35.86,56.48
9.648115396,-49.25,34.91,56.04
9.652071476,-49.25,34.91,56.04
9.653068781,-49.25,34.91,56.04
9.657058001,-49.05,33.93,55.69
9.661048412,-49.05,33.93,55.69
9.665037632,-49.05,33.93,55.69
9.669026136,-48.81,32.93,55.33
9.673020124,-48.81,32.93,55.33
9.678015947,-48.58,31.95,55.01
9.681993008,-48.58,31.95,55.01
9.685979843,-48.58,31.95,55.01
9.689970255,-48.32,30.97,54.67
9.693966627,-48.32,30.97,54.67
9.697109699,-48.05,30,54.3
9.700941086,-48.05,30,54.3
9.706107616,-48.05,30,54.3
9.70991683,-47.74,29.01,53.92
9.713951588,-47.74,29.01,53.92
9.718054295,-47.74,29.01,53.92
9.718893051,-47.42,28.02,53.52
9.725873947,-47.42,28.02,53.52
9.726871252,-47.07,27,53.12
9.733852625,-47.07,27,53.12
9.737845898,-47.07,27,53.12
9.738839626,-46.72,25.99,52.7
9.743826628,-46.72,25.99,52.7
9.747816563,-46.35,24.98,52.23
9.750807285,-46.35,24.98,52.23
9.75480032,-46.35,24.98,52.23
9.758785963,-45.94,23.98,51.75
9.762932777,-45.94,23.98,51.75
9.766765118,-45.94,23.98,51.75
9.770754099,-45.46,22.99,51.2
9.774748564,-45.46,22.99,51.2
9.77973032,-44.92,22,50.59
9.782771349,-44.92,22,50.59
9.787877083,-44.92,22,50.59
9.791723967,-44.32,20.98,49.91
9.794713736,-44.32,20.98,49.91
9.79668498,-43.67,19.95,49.19
9.800673485,-43.67,19.95,49.19
9.804662704,-43.67,19.95,49.19
9.80765748,-43,18.91,48.46
9.811645031,-43,18.91,48.46
9.815634966,-43,18.91,48.46
9.820670605,-42.31,17.88,47.73
9.824616909,-42.31,17.88,47.73
9.82876277,-41.57,16.83,46.96
9.832617521,-41.57,16.83,46.96
9.836758852,-41.57,16.83,46.96
9.84088707,-40.73,15.76,46.11
9.844875574,-40.73,15.76,46.11
9.848890781,-39.78,14.67,45.11
9.849862576,-39.78,14.67,45.11
9.853851318,-39.78,14.67,45.11
9.861830235,-38.69,13.53,44
9.86282897,-38.69,13.53,44
9.86482358,-38.69,13.53,44
9.869808435,-37.52,12.42,42.8
9.872800589,-37.52,12.42,42.8
9.877788782,-36.27,11.35,41.53
9.881778002,-36.27,11.35,41.53
9.886764526,-36.27,11.35,41.53
9.890753031,-34.93,10.32,40.19
9.893745184,-34.93,10.32,40.19
9.897735119,-33.43,9.32,38.64
9.901723623,-33.43,9.32,38.64
9.902754068,-33.43,9.32,38.64
9.906710386,-31.75,8.34,36.98
9.910699368,-31.75,8.34,36.98
9.915689945,-31.75,8.34,36.98
9.919676781,-29.85,7.33,35.11
9.923665762,-29.85,7.33,35.11
9.927654028,-27.78,6.35,33.06
9.93186307,-27.78,6.35,33.06
9.934851885,-27.78,6.35,33.06
9.939837933,-25.47,5.38,30.76
9.94582653,-25.47,5.38,30.76
9.946820259,-22.98,4.48,28.14
9.950810432,-22.98,4.48,28.14
9.955983877,-22.98,4.48,28.14
9.956792593,-20.24,3.65,25.37
9.960782051,-20.24,3.65,25.37
9.964775324,-20.24,3.65,25.37
9.968767405,-17.18,2.88,22.27
9.971785307,-17.18,2.88,22.27
9.978734732,-13.75,2.19,18.78
9.980728388,-13.75,2.19,18.78
9.984735012,-13.75,2.19,18.78
9.988707066,-9.95,1.55,14.94
9.993710279,-9.95,1.55,14.94
9.996715069,-9.95,1.55,14.94
10.00067687,-5.8,0.97,10.75
10.00483918,-5.8,0.97,10.75
10.00868869,-5.8,0.97,10.75
10.01164627,-1.35,0.51,6.24
10.01663494,-1.35,0.51,6.24
10.01763082,3.36,0.13,1.48
10.02161956,3.36,0.13,1.48
10.02760339,3.36,0.13,1.48
10.029598,8.24,-0.12,-3.43
10.03358722,8.24,-0.12,-3.43
10.03774452,13.24,-0.25,-8.49
10.04358697,13.24,-0.25,-8.49
10.04570675,13.24,-0.25,-8.49
10.04954672,18.36,-0.23,-13.72
10.05054355,18.36,-0.23,-13.72
10.05453134,18.36,-0.23,-13.72
10.06051588,23.57,-0.09,-18.98
10.06251001,23.57,-0.09,-18.98
10.06553006,23.57,-0.09,-18.98
10.06966186,28.82,0.22,-24.31
10.07448053,28.82,0.22,-24.31
10.07846761,33.96,0.61,-29.46
10.08245897,33.96,0.61,-29.46
10.08650208,33.96,0.61,-29.46
10.09043574,38.76,1.16,-34.33
10.09442568,38.76,1.16,-34.33
10.09841681,43.14,1.82,-38.81
10.09941387,43.14,1.82,-38.81
10.10340047,43.14,1.82,-38.81
10.11137962,47.06,2.56,-42.81
10.11137962,47.06,2.56,-42.81
10.11537266,47.06,2.56,-42.81
10.11943722,50.6,3.41,-46.45
10.12350368,50.6,3.41,-46.45
10.12733746,53.84,4.34,-49.78
10.13133121,53.84,4.34,-49.78
10.13531566,53.84,4.34,-49.78
10.13947725,56.83,5.36,-52.87
10.14332819,56.83,5.36,-52.87
10.1482842,56.83,5.36,-52.87
10.14928055,59.54,6.43,-55.73
10.1524148,59.54,6.43,-55.73
10.15725684,59.54,6.43,-55.73
10.16124701,61.93,7.56,-58.25
10.16424131,61.93,7.56,-58.25
10.16922498,64.06,8.73,-60.53
10.17238522,64.06,8.73,-60.53
10.17626071,64.06,8.73,-60.53
10.18034005,65.95,9.89,-62.57
10.18518209,65.95,9.89,-62.57
10.1892035,67.66,11.1,-64.46
10.19316101,67.66,11.1,-64.46
10.19717479,67.66,11.1,-64.46
10.19815421,69.26,12.33,-66.2
10.20213699,69.26,12.33,-66.2
10.20612597,69.26,12.33,-66.2
10.21111298,70.73,13.65,-67.85
10.21325326,70.73,13.65,-67.85
10.21809459,72.09,15,-69.37
10.22223258,72.09,15,-69.37
10.22511268,72.09,15,-69.37
10.23206067,73.26,16.38,-70.72
10.23505306,73.26,16.38,-70.72
10.24003744,74.26,17.76,-71.91
10.24801564,74.26,17.76,-71.91
10.24901509,74.26,17.76,-71.91
10.25001168,75.15,19.14,-72.95
10.25100875,75.15,19.14,-72.95
10.2549963,75.15,19.14,-72.95
10.26098108,75.91,20.54,-73.9
10.26298094,75.91,20.54,-73.9
10.26696348,75.91,20.54,-73.9
10.27110505,76.62,21.97,-74.77
10.27497387,76.62,21.97,-74.77
10.27907681,77.28,23.41,-75.6
10.28292322,77.28,23.41,-75.6
10.28691459,77.28,23.41,-75.6
10.29488897,77.9,24.83,-76.38
10.29588675,77.9,24.83,-76.38
10.29888129,78.45,26.22,-77.08
10.29987741,78.45,26.22,-77.08
10.3040309,78.45,26.22,-77.08
10.31084609,78.94,27.56,-77.76
10.31184387,78.94,27.56,-77.76
10.31583524,78.94,27.56,-77.76
10.32081938,79.34,28.87,-78.38
10.32399464,79.34,28.87,-78.38
10.32879901,79.69,30.15,-78.94
10.33179307,79.69,30.15,-78.94
10.33677673,79.69,30.15,-78.94
10.34375811,79.99,31.43,-79.47
10.34475589,79.99,31.43,-79.47
10.34874773,80.25,32.66,-79.81
10.35289288,80.25,32.66,-79.81
10.35373163,80.25,32.66,-79.81
10.35772109,80.46,33.85,-80.23
10.36171103,80.46,33.85,-80.23
10.36570311,80.46,33.85,-80.23
10.36969137,80.62,34.99,-80.6
10.37367868,80.62,34.99,-80.6
10.37866902,80.72,36.09,-80.91
10.38265729,80.72,36.09,-80.91
10.38576341,80.72,36.09,-80.91
10.38963532,80.8,37.12,-81.17
10.39462185,80.8,37.12,-81.17
10.39761686,80.85,38.1,-81.17
10.40160394,80.85,38.1,-81.17
10.40574384,80.85,38.1,-81.17
10.40961027,80.9,39.02,-81.38
10.4105792,80.9,39.02,-81.38
10.41862178,80.9,39.02,-81.38
10.41862178,80.95,39.88,-81.6
10.42657161,80.95,39.88,-81.6
10.42853165,81,40.69,-81.8
10.4315238,81,40.69,-81.8
10.43865895,81,40.69,-81.8
10.43950295,81.05,41.46,-82.01
10.444489,81.05,41.46,-82.01
10.44748092,81.05,41.46,-82.01
10.45147085,81.07,42.17,-82.18
10.45546675,81.07,42.17,-82.18
10.45945144,81.08,42.81,-82.31
10.46358824,81.08,42.81,-82.31
10.46742892,81.08,42.81,-82.31
10.47141862,81.08,43.36,-82.41
10.4754622,81.08,43.36,-82.41
10.47956371,81.06,43.84,-82.49
10.48338699,81.06,43.84,-82.49
10.48754358,81.06,43.84,-82.49
10.49136925,81.06,44.26,-82.57
10.49642205,81.06,44.26,-82.57
10.49734783,81.06,44.63,-82.64
10.50293255,81.06,44.63,-82.64
10.50632405,81.06,44.63,-82.64
10.51131082,81.07,44.94,-82.72
10.51230812,81.07,44.94,-82.72
10.51731157,81.07,44.94,-82.72
10.52128363,81.09,45.21,-82.78
10.5242753,81.09,45.21,-82.78
10.52926278,81.11,45.41,-82.82
10.53325152,81.11,45.41,-82.82
10.53724551,81.11,45.41,-82.82
10.54522181,81.13,45.55,-82.85
10.54625034,81.13,45.55,-82.85
10.54921341,81.14,45.62,-82.88
10.55323052,81.14,45.62,-82.88
10.55723929,81.14,45.62,-82.88
10.56117702,81.15,45.63,-82.89
10.56517029,81.15,45.63,-82.89
10.56920648,81.15,45.63,-82.89
10.57015252,81.17,45.58,-82.92
10.57813334,81.17,45.58,-82.92
10.57912993,81.18,45.47,-82.93
10.58616018,81.18,45.47,-82.93
10.5901494,81.19,45.32,-82.93
10.59414196,81.19,45.32,-82.93
10.59508634,81.19,45.32,-82.93
10.59907579,81.21,45.1,-82.91
10.60211873,81.21,45.1,-82.91
10.60610628,81.21,45.1,-82.91
10.61104465,81.21,44.83,-82.89
10.61503696,81.21,44.83,-82.89
10.61907172,81.21,44.83,-82.89
10.62306404,81.22,44.53,-82.86
10.62703919,81.22,44.53,-82.86
10.63099432,81.24,44.17,-82.81
10.63501334,81.24,44.17,-82.81
10.6390202,81.26,43.78,-82.75
10.6429584,81.26,43.78,-82.75
10.64495325,81.26,43.78,-82.75
10.64894509,81.29,43.34,-82.67
10.65293169,81.29,43.34,-82.67
10.6559732,81.29,43.34,-82.67
10.65991306,81.31,42.86,-82.59
10.66390491,81.31,42.86,-82.59
10.66793466,81.31,42.86,-82.59
10.67191505,81.3,42.3,-82.48
10.67587519,81.3,42.3,-82.48
10.67986012,81.29,41.7,-82.36
10.683882,81.29,41.7,-82.36
10.68787241,81.24,41.04,-82.23
10.69282532,81.24,41.04,-82.23
10.6988132,81.24,41.04,-82.23
10.70080543,81.18,40.32,-82.09
10.70180202,81.18,40.32,-82.09
10.70679045,81.18,40.32,-82.09
10.715765,81.12,39.58,-81.94
10.71775937,81.12,39.58,-81.94
10.71975374,81.12,39.58,-81.94
10.72274566,81.04,38.8,-81.77
10.72873068,81.04,38.8,-81.77
10.72972751,80.93,37.96,-81.57
10.73375034,80.93,37.96,-81.57
10.73870325,80.78,37.05,-81.32
10.74568582,80.78,37.05,-81.32
10.74668145,80.78,37.05,-81.32
10.74967647,80.6,36.07,-81.07
10.75378823,80.6,36.07,-81.07
10.75465989,80.6,36.07,-81.07
10.76263905,80.42,35.03,-80.81
10.76363611,80.42,35.03,-80.81
10.76762629,80.42,35.03,-80.81
10.77161503,80.23,33.97,-80.55
10.7785964,80.23,33.97,-80.55
10.77959418,80.03,32.89,-80.3
10.78358603,80.03,32.89,-80.3
10.78757143,79.81,31.81,-80.03
10.79555082,79.81,31.81,-80.03
10.79654765,79.81,31.81,-80.03
10.79954147,79.54,30.69,-79.4
10.80353045,79.54,30.69,-79.4
10.8076303,79.54,30.69,-79.4
10.81150794,79.21,29.55,-79.01
10.81250477,79.21,29.55,-79.01
10.81965399,79.21,29.55,-79.01
10.8204844,78.82,28.38,-78.55
10.82746506,78.82,28.38,-78.55
10.82846212,78.4,27.17,-78.06
10.83644128,78.4,27.17,-78.06
10.84060907,78.4,27.17,-78.06
10.84142923,77.95,25.94,-77.53
10.84541821,77.95,25.94,-77.53
10.84940863,77.46,24.72,-76.98
10.85243392,77.46,24.72,-76.98
10.85655975,77.46,24.72,-76.98
10.86041903,76.94,23.48,-76.4
10.86436844,76.94,23.48,-76.4
10.86835575,76.94,23.48,-76.4
10.87251639,76.36,22.23,-75.75
10.87636137,76.36,22.23,-75.75
10.88132119,75.69,20.98,-75.03
10.88531208,75.69,20.98,-75.03
10.88947892,75.69,20.98,-75.03
10.89333916,74.92,19.73,-74.23
10.89528441,74.92,19.73,-74.23
10.89827824,74.06,18.49,-73.33
10.9022646,74.06,18.49,-73.33
10.90625429,74.06,18.49,-73.33
10.90928197,73.11,17.27,-72.36
10.91423273,73.11,17.27,-72.36
10.91722655,73.11,17.27,-72.36
10.92240119,72.11,16.07,-71.29
10.92556858,72.11,16.07,-71.29
10.93051243,70.98,14.92,-70.12
10.93450117,70.98,14.92,-70.12
10.93867469,70.98,14.92,-70.12
10.94251537,69.7,13.78,-68.78
10.94652009,69.7,13.78,-68.78
10.95051146,68.25,12.65,-67.26
10.95145679,68.25,12.65,-67.26
10.95544529,68.25,12.65,-67.26
10.96143055,66.62,11.52,-65.56
10.9624269,66.62,11.52,-65.56
10.96841264,66.62,11.52,-65.56
10.97143745,64.8,10.38,-63.69
10.97543836,64.8,10.38,-63.69
10.98037958,62.82,9.26,-61.66
10.98337317,62.82,9.26,-61.66
10.98835802,62.82,9.26,-61.66
10.99434185,60.66,8.15,-59.43
10.99533916,60.66,8.15,-59.43
10.99933004,58.29,7.08,-57.02
11.0043149,58.29,7.08,-57.02
11.0043149,58.29,7.08,-57.02
11.01129723,55.71,6.02,-54.35
11.01245546,55.71,6.02,-54.35
11.01728392,55.71,6.02,-54.35
11.02127004,52.76,5.02,-51.35
11.02825189,52.76,5.02,-51.35
11.029248,49.42,4.05,-47.96
11.03323913,49.42,4.05,-47.96
11.03722763,49.42,4.05,-47.96
11.04420853,45.61,3.11,-44.06
11.04520583,45.61,3.11,-44.06
11.0491972,41.3,2.26,-39.69
11.05318761,41.3,2.26,-39.69
11.05733538,41.3,2.26,-39.69
11.06116319,36.57,1.54,-34.87
11.06218791,36.57,1.54,-34.87
11.06615043,36.57,1.54,-34.87
11.07013917,31.58,0.96,-29.73
11.07415342,31.58,0.96,-29.73
11.07811737,26.43,0.61,-24.45
11.08211088,26.43,0.61,-24.45
11.08618402,26.43,0.61,-24.45
11.09108329,21.27,0.43,-19.16
11.09407544,21.27,0.43,-19.16
11.098068,21.27,0.43,-19.16
11.10221028,16.15,0.43,-13.89
11.1060431,16.15,0.43,-13.89
11.11003304,16.15,0.43,-13.89
11.11103034,10.98,0.59,-8.61
11.11801147,10.98,0.59,-8.61
11.1190083,5.89,0.86,-3.4
11.12698674,5.89,0.86,-3.4
11.12798524,5.89,0.86,-3.4
11.13197732,0.9,1.23,1.69
11.13496637,0.9,1.23,1.69
11.13995218,-3.83,1.7,6.48
11.14493942,-3.83,1.7,6.48
11.14708948,-3.83,1.7,6.48
11.15092421,-8.16,2.2,10.91
11.15609217,-8.16,2.2,10.91
11.15609217,-8.16,2.2,10.91
11.16089678,-12.11,2.76,14.96
11.16388869,-12.11,2.76,14.96
11.16887474,-15.7,3.38,18.66
11.17205667,-15.7,3.38,18.66
11.1778512,-15.7,3.38,18.66
11.18084383,-19.02,4.1,22.09
11.18483233,-19.02,4.1,22.09
11.18882155,-22.1,4.93,25.25
11.19480634,-22.1,4.93,25.25
11.1968267,-22.1,4.93,25.25
11.20079112,-24.89,5.82,28.12
11.2049346,-24.89,5.82,28.12
11.2049346,-24.89,5.82,28.12
11.21176124,-27.42,6.77,30.74
11.21279478,-27.42,6.77,30.74
11.21774626,-27.42,6.77,30.74
11.22195625,-29.66,7.74,33.08
11.22793984,-29.66,7.74,33.08
11.22993493,-31.62,8.72,35.17
11.23392439,-31.62,8.72,35.17
11.23791289,-31.62,8.72,35.17
11.24489474,-33.43,9.76,37.1
11.24597192,-33.43,9.76,37.1
11.24988174,-33.43,9.76,37.1
11.25388503,-35.06,10.83,38.86
11.25785947,-35.06,10.83,38.86
11.2609117,-36.59,11.95,40.52
11.26590371,-36.59,11.95,40.52
11.26989031,-36.59,11.95,40.52
11.27088714,-38.01,13.1,42.06
11.27786922,-38.01,13.1,42.06
11.27886677,-39.32,14.29,43.48
11.28601456,-39.32,14.29,43.48
11.29098964,-39.32,14.29,43.48
11.29482412,-40.54,15.49,44.84
11.29582095,-40.54,15.49,44.84
11.29981184,-41.66,16.7,45.94
11.30296612,-41.66,16.7,45.94
11.30721211,-41.66,16.7,45.94
11.31103754,-42.72,17.97,47.16
11.31505251,-42.72,17.97,47.16
11.31917238,-42.72,17.97,47.16
11.32402897,-43.7,19.25,48.31
11.3269949,-43.7,19.25,48.31
11.33198166,-44.6,20.57,49.37
11.33598161,-44.6,20.57,49.37
11.34012961,-44.6,20.57,49.37
11.34397602,-45.4,21.9,50.35
11.34796405,-45.4,21.9,50.35
11.34895706,-46.11,23.27,51.05
11.35292602,-46.11,23.27,51.05
11.35691547,-46.11,23.27,51.05
11.3609035,-46.76,24.64,51.89
11.36405492,-46.76,24.64,51.89
11.36888194,-46.76,24.64,51.89
11.37292123,-47.36,26.04,52.69
11.3768611,-47.36,26.04,52.69
11.3808949,-47.93,27.43,53.47
11.38484001,-47.93,27.43,53.47
11.38898706,-47.93,27.43,53.47
11.39284587,-48.46,28.8,54.22
11.3969624,-48.46,28.8,54.22
11.40079832,-48.92,30.14,54.77
11.40181971,-48.92,30.14,54.77
11.40578389,-48.92,30.14,54.77
11.41176867,-49.31,31.45,55.39
11.41376281,-49.31,31.45,55.39
11.41775203,-49.31,31.45,55.39
11.42174625,-49.63,32.73,55.94
11.42772627,-49.63,32.73,55.94
11.43071938,-49.95,34,56.46
11.43470645,-49.95,34,56.46
11.43874526,-49.95,34,56.46
11.44468069,-50.22,35.27,56.95
11.44671059,-50.22,35.27,56.95
11.450665,-50.45,36.52,57.31
11.45483541,-50.45,36.52,57.31
11.45867419,-50.45,36.52,57.31
11.46163583,-50.64,37.76,57.72
11.46362996,-50.64,37.76,57.72
11.46761966,-50.64,37.76,57.72
11.47163701,-50.79,38.99,58.1
11.47859001,-50.79,38.99,58.1
11.47958708,-50.9,40.19,58.47
11.48357606,-50.9,40.19,58.47
11.4915545,-50.9,40.19,58.47
11.49454689,-51,41.37,58.85
11.4965415,-51,41.37,58.85
11.5005312,-51.07,42.53,59.18
11.50368834,-51.07,42.53,59.18
11.50751567,-51.07,42.53,59.18
11.51150346,-51.11,43.65,59.55
11.51550174,-51.11,43.65,59.55
11.51948023,-51.11,43.65,59.55
11.52446675,-51.11,44.72,59.9
11.52845597,-51.11,44.72,59.9
11.53248572,-51.09,45.75,60.26
11.53657389,-51.09,45.75,60.26
11.54042339,-51.09,45.75,60.26
11.54445004,-51.06,46.74,60.63
11.5464139,-51.06,46.74,60.63
11.55039883,-51.02,47.7,61
11.55338907,-51.02,47.7,61
11.55737948,-51.02,47.7,61
11.56236672,-50.97,48.62,61.46
11.56536031,-50.97,48.62,61.46
11.56951594,-50.97,48.62,61.46
11.57366538,-50.93,49.51,61.95
11.57732677,-50.93,49.51,61.95
11.58134747,-50.89,50.37,62.45
11.58545089,-50.89,50.37,62.45
11.59029269,-50.89,50.37,62.45
11.59330702,-50.85,51.17,62.92
11.59741807,-50.85,51.17,62.92
11.59926772,-50.8,51.9,63.34
11.60325599,-50.8,51.9,63.34
11.60641098,-50.8,51.9,63.34
11.61123514,-50.73,52.56,63.7
11.61423159,-50.73,52.56,63.7
11.61821604,-50.73,52.56,63.7
11.6232028,-50.65,53.14,64
11.62619495,-50.65,53.14,64
11.63218069,-50.56,53.68,64.26
11.63519335,-50.56,53.68,64.26
11.64016128,-50.56,53.68,64.26
11.65113235,-50.46,54.17,64.46
11.65313101,-50.46,54.17,64.46
11.6551199,-50.36,54.63,64.61
11.65711904,-50.36,54.63,64.61
11.66409802,-50.36,54.63,64.61
11.66609025,-50.26,55.06,64.73
11.66708565,-50.26,55.06,64.73
11.66808438,-50.26,55.06,64.73
11.67307091,-50.17,55.45,64.84
11.67905354,-50.17,55.45,64.84
11.68104935,-50.09,55.81,64.92
11.68503809,-50.09,55.81,64.92
11.68902755,-50.09,55.81,64.92
11.6960094,-50.02,56.12,64.98
11.69700789,-50.02,56.12,64.98
11.70099592,-49.95,56.38,64.89
11.70410776,-49.95,56.38,64.89
11.70802999,-49.95,56.38,64.89
11.7129631,-49.89,56.59,64.9
11.7169528,-49.89,56.59,64.9
11.7209456,-49.89,56.59,64.9
11.724931,-49.85,56.75,64.89
11.72892022,-49.85,56.75,64.89
11.73291087,-49.81,56.85,64.85
11.73704886,-49.81,56.85,64.85
11.74102759,-49.77,56.9,64.8
11.74487758,-49.77,56.9,64.8
11.74590063,-49.77,56.9,64.8
11.7498641,-49.75,56.89,64.73
11.75402856,-49.75,56.89,64.73
11.75798583,-49.75,56.89,64.73
11.76183295,-49.75,56.82,64.66
11.76584673,-49.75,56.82,64.66
11.76997471,-49.75,56.82,64.66
11.77397013,-49.77,56.69,64.59
11.77878761,-49.77,56.69,64.59
11.78180623,-49.8,56.5,64.51
11.78591561,-49.8,56.5,64.51
11.78992701,-49.8,56.5,64.51
11.79474401,-49.84,56.26,64.42
11.79876947,-49.84,56.26,64.42
11.79973078,-49.89,55.98,64.32
11.80372047,-49.89,55.98,64.32
11.80770946,-49.89,55.98,64.32
11.81169987,-49.95,55.64,64.21
11.81469131,-49.95,55.64,64.21
11.81967854,-49.95,55.64,64.21
11.82366705,-50.01,55.24,64.1
11.82665944,-50.01,55.24,64.1
11.83164573,-50.07,54.79,63.94
11.83568311,-50.07,54.79,63.94
11.8398006,-50.13,54.27,63.77
11.84461236,-50.13,54.27,63.77
11.84775686,-50.13,54.27,63.77
11.8515923,-50.19,53.7,63.55
11.85558534,-50.19,53.7,63.55
11.85657811,-50.19,53.7,63.55
11.86156678,-50.26,53.08,63.35
11.86455798,-50.26,53.08,63.35
11.86857915,-50.26,53.08,63.35
11.87254024,-50.33,52.42,63.15
11.87951803,-50.33,52.42,63.15
11.88151288,-50.41,51.71,62.96
11.88550138,-50.41,51.71,62.96
11.88949156,-50.41,51.71,62.96
11.89447832,-50.48,50.96,62.74
11.89747143,-50.48,50.96,62.74
11.90046191,-50.53,50.13,62.51
11.9054482,-50.53,50.13,62.51
11.90943718,-50.53,50.13,62.51
11.91143298,-50.57,49.26,62.28
11.91741991,-50.57,49.26,62.28
11.92158151,-50.57,49.26,62.28
11.92240286,-50.58,48.32,62.03
11.92944002,-50.58,48.32,62.03
11.93038201,-50.59,47.37,61.82
11.93752956,-50.59,47.37,61.82
11.94238424,-50.59,47.37,61.82
11.94534135,-50.6,46.39,61.62
11.94636989,-50.6,46.39,61.62
11.9503293,-50.58,45.38,61.43
11.95448995,-50.58,45.38,61.43
11.95830655,-50.58,45.38,61.43
11.96229649,-50.53,44.34,61.21
11.96631861,-50.53,44.34,61.21
11.97029924,-50.53,44.34,61.21
11.97428751,-50.47,43.24,60.96
11.97825503,-50.47,43.24,60.96
11.98224688,-50.4,42.13,60.73
11.98725367,-50.4,42.13,60.73
11.99122334,-50.4,42.13,60.73
11.99520898,-50.32,41.01,60.49
11.99620605,-50.32,41.01,60.49
12.00019503,-50.23,39.88,60.23
12.00418401,-50.23,39.88,60.23
12.01116562,-50.23,39.88,60.23
12.0121634,-50.13,38.75,59.98
12.01515603,-50.13,38.75,59.98
12.01914907,-50.13,38.75,59.98
12.02413559,-50,37.6,59.69
12.02816129,-50,37.6,59.69
12.03211522,-49.83,36.44,59.36
12.03610253,-49.83,36.44,59.36
12.04009008,-49.83,36.44,59.36
12.05206084,-49.63,35.24,59
12.05405331,-49.63,35.24,59
12.0550704,-49.38,34.01,58.61
12.05607176,-49.38,34.01,58.61
12.05804205,-49.38,34.01,58.61
12.06402469,-49.11,32.76,58.19
12.06602216,-49.11,32.76,58.19
12.06901336,-49.11,32.76,58.19
12.07399821,-48.81,31.52,57.75
12.07702875,-48.81,31.52,57.75
12.08197808,-48.49,30.28,57.29
12.08496833,-48.49,30.28,57.29
12.08997369,-48.49,30.28,57.29
12.09494209,-48.11,29.03,56.77
12.09793282,-48.11,29.03,56.77
12.10192323,-47.66,27.74,56.19
12.10609484,-47.66,27.74,56.19
12.10690975,-47.66,27.74,56.19
12.11189842,-47.16,26.41,55.54
12.11488938,-47.16,26.41,55.54
12.11887765,-47.16,26.41,55.54
12.12286687,-46.62,25.05,54.85
12.12885141,-46.62,25.05,54.85
12.13087249,-46.05,23.66,54.17
12.13483548,-46.05,23.66,54.17
12.1388731,-46.05,23.66,54.17
12.14480853,-45.47,22.28,53.5
12.14780068,-45.47,22.28,53.5
12.15179014,-44.83,20.9,52.77
12.15482521,-44.83,20.9,52.77
12.15877557,-44.83,20.9,52.77
12.16291428,-44.07,19.51,51.97
12.1638,-44.07,19.51,51.97
12.1718781,-44.07,19.51,51.97
12.17273378,-43.18,18.1,51.06
12.17982793,-43.18,18.1,51.06
12.18071246,-42.14,16.66,50.03
12.18786907,-42.14,16.66,50.03
12.19168234,-42.14,16.66,50.03
12.19467545,-41.03,15.22,48.97
12.19666958,-41.03,15.22,48.97
12.20065975,-39.9,13.83,47.87
12.20469856,-39.9,13.83,47.87
12.20764399,-39.9,13.83,47.87
12.21163273,-38.7,12.51,46.78
12.21661639,-38.7,12.51,46.78
12.22060657,-38.7,12.51,46.78
12.22476125,-37.43,11.25,45.62
12.22858548,-37.43,11.25,45.62
12.23257518,-35.98,10.03,44.29
12.23656797,-35.98,10.03,44.29
12.240556,-35.98,10.03,44.29
12.24459195,-34.32,8.87,42.73
12.2487371,-34.32,8.87,42.73
12.24973416,-32.44,7.73,40.81
12.25372052,-32.44,7.73,40.81
12.25770974,-32.44,7.73,40.81
12.26169872,-30.38,6.63,38.79
12.26488757,-30.38,6.63,38.79
12.26990652,-30.38,6.63,38.79
12.27404642,-28.14,5.57,36.55
12.2778852,-28.14,5.57,36.55
12.28184295,-25.74,4.58,34.09
12.28599811,-25.74,4.58,34.09
12.29000878,-25.74,4.58,34.09
12.29384279,-23.13,3.65,31.39
12.29797006,-23.13,3.65,31.39
12.29879808,-23.13,3.65,31.39
12.30378127,-20.35,2.81,28.47
12.30685425,-20.35,2.81,28.47
12.31076217,-20.35,2.81,28.47
12.31475425,-17.38,2.04,25.35
12.31890535,-17.38,2.04,25.35
12.32290125,-14.31,1.36,22.12
12.32674575,-14.31,1.36,22.12
12.330863,-14.31,1.36,22.12
12.33472395,-11.18,0.76,18.86
12.33869243,-11.18,0.76,18.86
12.3427186,-8.14,0.27,15.71
12.34769988,-8.14,0.27,15.71
12.35169196,-8.14,0.27,15.71
12.35265017,-5.19,-0.11,12.66
12.35663939,-5.19,-0.11,12.66
12.36162663,-5.19,-0.11,12.66
12.36362147,-2.38,-0.39,9.8
12.36761093,-2.38,-0.39,9.8
12.37159991,0.25,-0.56,7.11
12.37562442,0.25,-0.56,7.11
12.38057566,0.25,-0.56,7.11
12.38456535,2.75,-0.67,4.56
12.38867521,2.75,-0.67,4.56
12.39258337,5.08,-0.73,2.13
12.39653373,5.08,-0.73,2.13
12.39753103,5.08,-0.73,2.13
12.40152216,7.32,-0.8,-0.18
12.40550971,7.32,-0.8,-0.18
12.40850258,7.32,-0.8,-0.18
12.41249108,9.42,-0.86,-2.4
12.41648245,9.42,-0.86,-2.4
12.42063856,9.42,-0.86,-2.4
12.42545867,11.38,-0.89,-4.53
12.42944622,11.38,-0.89,-4.53
12.43044281,13.11,-0.95,-6.4
12.43742418,13.11,-0.95,-6.4
12.44141865,13.11,-0.95,-6.4
12.44541502,14.6,-1,-8.07
12.44639969,14.6,-1,-8.07
12.45039129,14.6,-1,-8.07
12.45437908,15.93,-1.06,-9.77
12.45836926,15.93,-1.06,-9.77
12.46235728,15.93,-1.06,-9.77
12.46634984,17.11,-1.12,-11.11
12.47048855,17.11,-1.12,-11.11
12.47435951,18.11,-1.2,-12.25
12.47831607,18.11,-1.2,-12.25
12.48230624,18.11,-1.2,-12.25
12.4833045,18.96,-1.23,-13.25
12.49043345,18.96,-1.23,-13.25
12.49526954,19.74,-1.28,-14.12
12.49626756,19.74,-1.28,-14.12
12.49926353,19.74,-1.28,-14.12
12.50328183,20.39,-1.3,-15.11
12.50739956,20.39,-1.3,-15.11
12.51125145,20.39,-1.3,-15.11
12.51521873,20.93,-1.29,-15.72
12.51937509,20.93,-1.29,-15.72
12.52336121,21.34,-1.3,-16.19
12.52718377,21.34,-1.3,-16.19
12.5313437,21.34,-1.3,-16.19
12.53616619,21.65,-1.31,-16.55
12.54014874,21.65,-1.31,-16.55
12.54014874,21.86,-1.33,-16.78
12.54613328,21.86,-1.33,-16.78
12.54913259,21.86,-1.33,-16.78
12.55311465,21.96,-1.36,-16.9
12.55627084,21.96,-1.36,-16.9
12.56012344,21.96,-1.36,-16.9
12.56423879,22,-1.37,-16.96
12.56807613,22,-1.37,-16.96
12.57307959,22,-1.37,-16.96
12.57307959,22.03,-1.4,-16.98
12.57807517,22.03,-1.4,-16.98
12.58203864,22.01,-1.42,-16.94
12.58502936,22.01,-1.42,-16.94
12.58917928,22.01,-1.42,-16.94
12.59500313,21.92,-1.43,-16.84
12.59799504,21.92,-1.43,-16.84
12.60198379,21.92,-1.43,-16.84
12.60502601,21.78,-1.43,-16.75
12.60897231,21.78,-1.43,-16.75
12.61401224,21.65,-1.46,-16.57
12.61494946,21.65,-1.46,-16.57
12.61794114,21.65,-1.46,-16.57
12.622087,21.41,-1.47,-16.33
12.62891197,21.41,-1.47,-16.33
12.63090754,21.41,-1.48,-16.32
12.63489628,21.41,-1.48,-16.32
12.63888454,21.41,-1.48,-16.32
12.6448698,21.32,-1.5,-16.21
12.64686465,21.32,-1.5,-16.21
12.64988089,21.32,-1.5,-16.21
12.65484285,21.08,-1.53,-16.17
12.65484285,21.08,-1.53,-16.17
12.66182399,21.08,-1.53,-16.17
