0.006984472,0,0,0
0.010970354,0,0,0
0.014960051,-0.02,0.01,0.02
0.018949032,-0.02,0.01,0.02
0.022941828,-0.02,0.02,0.04
0.036902905,-0.02,0.02,0.04
0.038896799,-0.02,0.02,0.04
0.039896011,-0.03,0.05,0.06
0.041888475,-0.03,0.05,0.06
0.047874689,-0.03,0.05,0.06
0.048905611,-0.04,0.07,0.09
0.050864935,-0.04,0.07,0.09
0.051860809,-0.04,0.07,0.09
0.052860737,-0.05,0.1,0.11
0.057845831,-0.05,0.1,0.11
0.061835051,-0.05,0.1,0.11
0.064826488,-0.06,0.12,0.12
0.067844868,-0.06,0.12,0.12
0.07281661,-0.07,0.14,0.14
0.076827288,-0.07,0.14,0.14
0.080929041,-0.07,0.14,0.14
0.084772825,-0.08,0.16,0.15
0.085769415,-0.08,0.16,0.15
0.089759588,-0.08,0.16,0.15
0.094746351,-0.08,0.18,0.15
0.096740961,-0.08,0.18,0.15
0.100730896,-0.08,0.18,0.15
0.105716705,-0.1,0.2,0.15
0.105716705,-0.1,0.2,0.15
0.111701727,-0.1,0.2,0.15
0.114693165,-0.11,0.21,0.15
0.118682384,-0.11,0.21,0.15
0.122671843,-0.11,0.22,0.13
0.128656149,-0.11,0.22,0.13
0.129652977,-0.11,0.22,0.13
0.133644342,-0.12,0.23,0.11
0.138683558,-0.12,0.23,0.11
0.142622709,-0.12,0.23,0.11
0.144705772,-0.13,0.23,0.07
0.146742821,-0.13,0.23,0.07
0.150681973,-0.13,0.23,0.07
0.154675961,-0.13,0.23,0.04
0.158665419,-0.13,0.23,0.04
0.162650347,-0.13,0.23,0.04
0.166639328,-0.13,0.23,0
0.170629263,-0.13,0.23,0
0.171626806,-0.14,0.23,-0.05
0.180990219,-0.14,0.23,-0.05
0.181963444,-0.14,0.23,-0.05
0.183956385,-0.12,0.22,-0.11
0.187945604,-0.12,0.22,-0.11
0.191085339,-0.12,0.22,-0.11
0.194927216,-0.12,0.21,-0.17
0.195948839,-0.12,0.21,-0.17
0.199913502,-0.12,0.21,-0.17
0.203902245,-0.12,0.2,-0.23
0.207895756,-0.12,0.2,-0.23
0.211881876,-0.12,0.2,-0.23
0.215905666,-0.11,0.19,-0.29
0.219890356,-0.11,0.19,-0.29
0.22402072,-0.09,0.18,-0.35
0.225880623,-0.09,0.18,-0.35
0.231855869,-0.09,0.18,-0.35
0.232825756,-0.09,0.19,-0.42
0.236814499,-0.09,0.19,-0.42
0.24080801,-0.09,0.19,-0.42
0.244794607,-0.08,0.2,-0.48
0.248785257,-0.08,0.2,-0.48
0.249782324,-0.08,0.2,-0.48
0.253770113,-0.08,0.21,-0.55
0.257759094,-0.08,0.21,-0.55
0.261748552,-0.08,0.21,-0.55
0.265739918,-0.07,0.23,-0.61
0.26872921,-0.07,0.23,-0.61
0.272723198,-0.08,0.25,-0.68
0.276709557,-0.08,0.25,-0.68
0.281702042,-0.08,0.25,-0.68
0.285712004,-0.07,0.26,-0.75
0.286681414,-0.07,0.26,-0.75
0.290670633,-0.07,0.26,-0.75
0.295658827,-0.07,0.27,-0.82
0.29779768,-0.07,0.27,-0.82
0.301640987,-0.07,0.27,-0.82
0.306660891,-0.07,0.28,-0.9
0.307625055,-0.07,0.28,-0.9
0.311615229,-0.07,0.28,-0.9
0.315605879,-0.06,0.28,-0.98
0.318595886,-0.06,0.28,-0.98
0.323582411,-0.06,0.27,-1.06
0.326574087,-0.06,0.27,-1.06
0.33071804,-0.06,0.27,-1.06
0.334577322,-0.05,0.25,-1.16
0.338691473,-0.05,0.25,-1.16
0.342538118,-0.05,0.25,-1.16
0.345524788,-0.05,0.24,-1.25
0.347518444,-0.05,0.24,-1.25
0.350510597,-0.05,0.24,-1.25
0.355549812,-0.05,0.21,-1.35
0.358489752,-0.05,0.21,-1.35
0.363648891,-0.05,0.21,-1.35
0.364473104,-0.06,0.2,-1.46
0.371625185,-0.06,0.2,-1.46
0.372451067,-0.06,0.18,-1.55
0.378437996,-0.06,0.18,-1.55
0.380430698,-0.06,0.18,-1.55
0.384419918,-0.06,0.16,-1.65
0.387569904,-0.06,0.16,-1.65
0.392401218,-0.06,0.16,-1.65
0.396388531,-0.07,0.15,-1.75
0.397385597,-0.07,0.15,-1.75
0.401374817,-0.07,0.15,-1.75
0.404390812,-0.07,0.15,-1.85
0.408361673,-0.07,0.15,-1.85
0.412431717,-0.07,0.15,-1.85
0.416338205,-0.07,0.15,-1.98
0.420327663,-0.07,0.15,-1.98
0.424316645,-0.05,0.13,-2.12
0.428303719,-0.05,0.13,-2.12
0.433289051,-0.05,0.13,-2.12
0.437426329,-0.03,0.13,-2.27
0.438275814,-0.03,0.13,-2.27
0.442266464,-0.03,0.13,-2.27
0.446254969,0.01,0.14,-2.45
0.449247599,0.01,0.14,-2.45
0.453267574,0.01,0.14,-2.45
0.458365917,0.06,0.14,-2.63
0.46135664,0.06,0.14,-2.63
0.465345621,0.05,0.16,-2.82
0.469334364,0.05,0.16,-2.82
0.474337816,0.05,0.16,-2.82
0.474337816,0.04,0.17,-3.03
0.479308128,0.04,0.17,-3.03
0.483298779,0,0.2,-3.27
0.486440659,0,0.2,-3.27
0.490423203,0,0.2,-3.27
0.494268417,-0.05,0.22,-3.53
0.49840498,-0.05,0.22,-3.53
0.499256611,-0.05,0.22,-3.53
0.503244638,-0.1,0.24,-3.83
0.506389856,-0.1,0.24,-3.83
0.510250092,-0.1,0.24,-3.83
0.515221834,-0.14,0.26,-4.18
0.519209623,-0.14,0.26,-4.18
0.523200035,-0.14,0.26,-4.18
0.527184725,-0.19,0.26,-4.56
0.53416419,-0.19,0.26,-4.56
0.535160303,-0.17,0.23,-5.02
0.536158085,-0.17,0.23,-5.02
0.540312529,-0.17,0.23,-5.02
0.544301271,-0.15,0.2,-5.56
0.547292233,-0.15,0.2,-5.56
0.551282406,-0.15,0.2,-5.56
0.555275917,-0.12,0.16,-6.16
0.556267977,-0.12,0.16,-6.16
0.564246893,-0.12,0.16,-6.16
0.56524682,-0.1,0.12,-6.82
0.568236589,-0.1,0.12,-6.82
0.573222637,-0.06,0.07,-7.55
0.578210354,-0.06,0.07,-7.55
0.581203938,-0.06,0.07,-7.55
0.585191011,-0.01,0.02,-8.36
0.589180231,-0.01,0.02,-8.36
0.592174053,-0.01,0.02,-8.36
0.597163677,0.08,-0.05,-9.22
0.601148129,0.08,-0.05,-9.22
0.602145672,0.08,-0.05,-9.22
0.605142117,0.07,-0.08,-10.1
0.612122774,0.07,-0.08,-10.1
0.614113808,0.17,-0.17,-11.08
0.618103027,0.17,-0.17,-11.08
0.622092009,0.17,-0.17,-11.08
0.62807703,0.27,-0.25,-12.12
0.629075527,0.27,-0.25,-12.12
0.634061575,0.39,-0.34,-13.2
0.63807106,0.39,-0.34,-13.2
0.642038822,0.39,-0.34,-13.2
0.64604497,0.51,-0.42,-14.28
0.647027016,0.51,-0.42,-14.28
0.651016235,0.51,-0.42,-14.28
0.655004263,0.64,-0.51,-15.42
0.658000708,0.64,-0.51,-15.42
0.661987066,0.64,-0.51,-15.42
0.665980339,0.78,-0.59,-16.6
0.670964241,0.78,-0.59,-16.6
0.674975157,0.94,-0.65,-17.83
0.678940773,0.94,-0.65,-17.83
0.682955503,0.94,-0.65,-17.83
0.686918974,1.12,-0.7,-19.11
0.691056013,1.12,-0.7,-19.11
0.694899082,1.29,-0.75,-20.44
0.695895433,1.29,-0.75,-20.44
0.699887753,1.29,-0.75,-20.44
0.703873634,1.47,-0.78,-21.78
0.707027197,1.47,-0.78,-21.78
0.710880995,1.47,-0.78,-21.78
0.715843916,1.64,-0.82,-23.15
0.719835281,1.64,-0.82,-23.15
0.723824024,1.79,-0.85,-24.53
0.727809906,1.79,-0.85,-24.53
0.731799364,1.79,-0.85,-24.53
0.735794067,1.95,-0.87,-25.94
0.74077487,1.95,-0.87,-25.94
0.74077487,1.95,-0.87,-25.94
0.744768858,2.08,-0.9,-27.39
0.748785734,2.08,-0.9,-27.39
0.752767324,2.08,-0.9,-27.39
0.756973028,2.21,-0.93,-28.86
0.760962248,2.21,-0.93,-28.86
0.765016079,2.35,-0.94,-30.37
0.768940926,2.35,-0.94,-30.37
0.773080587,2.35,-0.94,-30.37
0.776945829,2.49,-0.94,-31.89
0.781057358,2.49,-0.94,-31.89
0.784921646,2.62,-0.93,-33.42
0.789038181,2.62,-0.93,-33.42
0.789884806,2.62,-0.93,-33.42
0.795869589,2.74,-0.9,-34.92
0.797863722,2.74,-0.9,-34.92
0.801852703,2.74,-0.9,-34.92
0.805994034,2.86,-0.88,-36.42
0.809855461,2.86,-0.88,-36.42
0.813965797,2.86,-0.88,-36.42
0.814818382,2.94,-0.84,-37.89
0.822002649,2.94,-0.84,-37.89
0.822869062,3.03,-0.79,-39.36
0.829857826,3.03,-0.79,-39.36
0.833842516,3.03,-0.79,-39.36
0.834839106,3.13,-0.73,-40.81
0.838828564,3.13,-0.73,-40.81
0.844812393,3.25,-0.65,-42.24
0.84681201,3.25,-0.65,-42.24
0.85083127,3.25,-0.65,-42.24
0.854785681,3.35,-0.54,-43.64
0.858775616,3.35,-0.54,-43.64
0.862765074,3.35,-0.54,-43.64
0.863785982,3.46,-0.43,-44.98
0.871798992,3.46,-0.43,-44.98
0.8727386,3.55,-0.31,-46.27
0.879719734,3.55,-0.31,-46.27
0.883734703,3.55,-0.31,-46.27
0.884749174,3.64,-0.18,-47.51
0.887697697,3.64,-0.18,-47.51
0.895676851,3.64,-0.18,-47.51
0.896674395,3.73,-0.04,-48.75
0.899667263,3.73,-0.04,-48.75
0.903806686,3.73,-0.04,-48.75
0.904677629,3.85,0.11,-49.94
0.911634207,3.85,0.11,-49.94
0.912631273,3.85,0.11,-49.94
0.91662097,3.95,0.28,-51.09
0.920610666,3.95,0.28,-51.09
0.924598932,4.05,0.46,-52.18
0.928589106,4.05,0.46,-52.18
0.93360877,4.05,0.46,-52.18
0.937565327,4.15,0.63,-53.22
0.940704107,4.15,0.63,-53.22
0.94457078,4.2,0.8,-54.19
0.948559999,4.2,0.8,-54.19
0.949532986,4.2,0.8,-54.19
0.953521252,4.23,0.96,-55.07
0.957675934,4.23,0.96,-55.07
0.961525202,4.23,0.96,-55.07
0.965758324,4.26,1.13,-55.94
0.969851494,4.26,1.13,-55.94
0.973847866,4.32,1.3,-56.78
0.977692127,4.32,1.3,-56.78
0.981671572,4.32,1.3,-56.78
0.985643387,4.4,1.46,-57.6
0.98982048,4.4,1.46,-57.6
0.99081707,4.4,1.46,-57.6
0.995116234,4.48,1.62,-58.34
0.999141216,4.48,1.62,-58.34
1.002097607,4.48,1.62,-58.34
1.006445646,4.58,1.77,-59.09
1.010307789,4.58,1.77,-59.09
1.014430046,4.68,1.9,-59.78
1.018253326,4.68,1.9,-59.78
1.022261858,4.68,1.9,-59.78
1.026268244,4.78,2.01,-60.4
1.031305313,4.78,2.01,-60.4
1.035207272,4.87,2.11,-60.96
1.039371014,4.87,2.11,-60.96
1.040193319,4.87,2.11,-60.96
1.045180798,4.96,2.2,-61.43
1.047328472,4.96,2.2,-61.43
1.051190615,4.96,2.2,-61.43
1.055175304,5.06,2.28,-61.88
1.056150913,5.06,2.28,-61.88
1.064203501,5.06,2.28,-61.88
1.064203501,5.17,2.35,-62.3
1.072267532,5.17,2.35,-62.3
1.072267532,5.54,2.4,-62.8
1.078118801,5.54,2.4,-62.8
1.080242157,5.54,2.4,-62.8
1.085075617,5.93,2.45,-63.25
1.089063406,5.93,2.45,-63.25
1.092054605,5.93,2.45,-63.25
1.096045017,6.02,2.5,-63.4
1.097041368,6.02,2.5,-63.4
1.101032972,6.02,2.5,-63.4
1.105084658,6.11,2.53,-63.63
1.109013557,6.11,2.53,-63.63
1.112998962,6.11,2.53,-63.63
1.116990089,6.17,2.55,-63.79
1.12113595,6.17,2.55,-63.79
1.124998569,6.23,2.55,-63.9
1.138941526,6.23,2.55,-63.9
1.140926361,6.23,2.55,-63.9
1.140926361,6.28,2.55,-63.97
1.144947529,6.28,2.55,-63.97
1.14591074,6.33,2.55,-63.94
1.146908283,6.33,2.55,-63.94
1.150905848,6.33,2.55,-63.94
1.153981924,6.38,2.53,-63.96
1.15804863,6.38,2.53,-63.96
1.161868572,6.38,2.53,-63.96
1.165859461,6.42,2.51,-63.96
1.169864655,6.42,2.51,-63.96
1.173837662,6.42,2.51,-63.96
1.178056479,6.45,2.49,-63.92
1.180885792,6.45,2.49,-63.92
1.186074495,6.69,2.42,-63.95
1.187776566,6.69,2.42,-63.95
1.19175148,6.69,2.42,-63.95
1.19674015,6.83,2.38,-63.67
1.198734045,6.83,2.38,-63.67
1.202722549,6.83,2.38,-63.67
1.206711531,6.83,2.35,-63.56
1.207708836,6.83,2.35,-63.56
1.212695837,6.83,2.35,-63.56
1.215690374,6.83,2.32,-63.45
1.21967721,6.83,2.32,-63.45
1.223667145,6.84,2.3,-63.33
1.228655577,6.84,2.3,-63.33
1.231645823,6.84,2.3,-63.33
1.236632109,6.83,2.26,-63.18
1.240620613,6.83,2.26,-63.18
1.243612528,6.83,2.26,-63.18
1.247602224,6.82,2.22,-62.94
1.251593828,6.82,2.22,-62.94
1.252591133,6.82,2.22,-62.94
1.256577969,6.94,2.16,-62.82
1.262562513,6.94,2.16,-62.82
1.264556646,7.05,2.1,-62.69
1.268548965,7.05,2.1,-62.69
1.272536278,7.05,2.1,-62.69
1.280514717,7.17,2.03,-62.53
1.280514717,7.17,2.03,-62.53
1.284507036,7.31,1.95,-62.35
1.288492441,7.31,1.95,-62.35
1.292483568,7.31,1.95,-62.35
1.294477701,7.43,1.87,-61.9
1.297468424,7.43,1.87,-61.9
1.301457882,7.43,1.87,-61.9
1.305449247,7.55,1.77,-61.65
1.309443235,7.55,1.77,-61.65
1.313426971,7.55,1.77,-61.65
1.314424038,7.62,1.69,-61.35
1.321405172,7.62,1.69,-61.35
1.322402,7.62,1.69,-61.35
1.32838583,7.5,1.66,-60.94
1.330381632,7.5,1.66,-60.94
1.334372759,7.39,1.63,-60.5
1.33836174,7.39,1.63,-60.5
1.342348814,7.39,1.63,-60.5
1.346337795,7.3,1.61,-60.04
1.350328207,7.3,1.61,-60.04
1.351324797,7.3,1.61,-60.04
1.354317427,7.23,1.59,-59.65
1.362296343,7.23,1.59,-59.65
1.363292933,7.23,1.59,-59.65
1.367282152,7.16,1.58,-59.26
1.370273829,7.16,1.58,-59.26
1.374263287,7.09,1.57,-58.87
1.37925005,7.09,1.57,-58.87
1.383239985,7.09,1.57,-58.87
1.387228251,7.03,1.55,-58.45
1.39121747,7.03,1.55,-58.45
1.395208836,7.03,1.55,-58.45
1.396204948,6.97,1.53,-58.02
1.400194645,6.97,1.53,-58.02
1.404183388,6.97,1.53,-58.02
1.407175064,6.91,1.49,-57.55
1.412161589,6.91,1.49,-57.55
1.416154385,6.87,1.45,-57.04
1.420140266,6.87,1.45,-57.04
1.424130678,6.87,1.45,-57.04
1.428119183,6.82,1.4,-56.49
1.43211031,6.82,1.4,-56.49
1.436099291,6.78,1.35,-55.86
1.440087557,6.78,1.35,-55.86
1.441084385,6.78,1.35,-55.86
1.44507432,6.75,1.29,-55.16
1.449067593,6.75,1.29,-55.16
1.453052521,6.75,1.29,-55.16
1.45704174,6.73,1.23,-54.39
1.461031199,6.73,1.23,-54.39
1.465020657,6.73,1.23,-54.39
1.469009399,6.73,1.16,-53.54
1.472999334,6.73,1.16,-53.54
1.476988792,6.74,1.09,-52.6
1.480978251,6.74,1.09,-52.6
1.484968424,6.74,1.09,-52.6
1.485965729,6.75,1.01,-51.57
1.489953279,6.75,1.01,-51.57
1.495938778,6.75,1.01,-51.57
1.49794054,6.74,0.92,-50.42
1.501922369,6.74,0.92,-50.42
1.50591135,6.7,0.83,-49.15
1.506908894,6.7,0.83,-49.15
1.51388979,6.7,0.83,-49.15
1.514888048,6.66,0.75,-47.78
1.518879652,6.66,0.75,-47.78
1.522866726,6.66,0.75,-47.78
1.528850794,6.64,0.67,-46.32
1.531844378,6.64,0.67,-46.32
1.534834146,6.61,0.57,-44.75
1.538823843,6.61,0.57,-44.75
1.542817593,6.61,0.57,-44.75
1.546802998,6.58,0.46,-43.06
1.548796654,6.58,0.46,-43.06
1.551788807,6.58,0.46,-43.06
1.555777788,6.52,0.33,-41.26
1.558842421,6.52,0.33,-41.26
1.563756943,6.52,0.33,-41.26
1.567748308,6.46,0.17,-39.34
1.571735859,6.46,0.17,-39.34
1.579714775,6.41,-0.02,-37.3
1.579714775,6.41,-0.02,-37.3
1.583705187,6.41,-0.02,-37.3
1.587693214,6.36,-0.25,-35.15
1.591849089,6.36,-0.25,-35.15
1.595672131,6.29,-0.5,-32.89
1.596668482,6.29,-0.5,-32.89
1.601657152,6.29,-0.5,-32.89
1.604748011,6.23,-0.76,-30.56
1.608805895,6.23,-0.76,-30.56
1.612626076,6.23,-0.76,-30.56
1.616618633,6.14,-1.01,-28.16
1.62060523,6.14,-1.01,-28.16
1.624752522,5.99,-1.27,-25.66
1.628584146,5.99,-1.27,-25.66
1.632575989,5.99,-1.27,-25.66
1.63671279,5.8,-1.55,-23.05
1.641719818,5.8,-1.55,-23.05
1.645539284,5.8,-1.55,-23.05
1.646535158,5.56,-1.82,-20.33
1.650524616,5.56,-1.82,-20.33
1.653666735,5.56,-1.82,-20.33
1.657673597,5.31,-2.1,-17.59
1.661521196,5.31,-2.1,-17.59
1.665487766,5.06,-2.37,-14.81
1.669620991,5.06,-2.37,-14.81
1.674618006,5.06,-2.37,-14.81
1.677482843,4.79,-2.62,-12.02
1.682442904,4.79,-2.62,-12.02
1.686429262,4.51,-2.86,-9.21
1.690418482,4.51,-2.86,-9.21
1.69141531,4.51,-2.86,-9.21
1.69640255,4.18,-3.07,-6.37
1.699398518,4.18,-3.07,-6.37
1.702386856,4.18,-3.07,-6.37
1.706528425,3.79,-3.25,-3.48
1.710390329,3.79,-3.25,-3.48
1.715351582,3.79,-3.25,-3.48
1.719340324,3.36,-3.41,-0.57
1.72350049,3.36,-3.41,-0.57
1.72350049,2.92,-3.54,2.33
1.731463194,2.92,-3.54,2.33
1.73529768,2.92,-3.54,2.33
1.736295462,2.47,-3.64,5.23
1.742282867,2.47,-3.64,5.23
1.755252123,2.47,-3.64,5.23
1.757246256,2.02,-3.73,8.1
1.759236574,2.02,-3.73,8.1
1.766223431,1.55,-3.8,10.99
1.769211531,1.55,-3.8,10.99
1.770207882,1.55,-3.8,10.99
1.771202803,1.05,-3.87,13.89
1.7722013,1.05,-3.87,13.89
1.776189566,0.56,-3.93,16.76
1.780328751,0.56,-3.93,16.76
1.784318924,0.56,-3.93,16.76
1.789153576,0.07,-4,19.58
1.789153576,0.07,-4,19.58
1.794036627,0.07,-4,19.58
1.797723532,-0.39,-4.05,22.35
1.800028324,-0.39,-4.05,22.35
1.804838896,-0.39,-4.05,22.35
1.809040546,-0.84,-4.07,25.05
1.813030958,-0.84,-4.07,25.05
1.817021847,-1.27,-4.06,27.68
1.821165323,-1.27,-4.06,27.68
1.825158358,-1.27,-4.06,27.68
1.828986883,-1.69,-4.03,30.24
1.833977222,-1.69,-4.03,30.24
1.837967873,-2.12,-3.97,32.76
1.837967873,-2.12,-3.97,32.76
1.845941782,-2.12,-3.97,32.76
1.846939564,-2.53,-3.91,35.19
1.84993434,-2.53,-3.91,35.19
1.854067087,-2.53,-3.91,35.19
1.85807991,-2.92,-3.84,37.55
1.862896442,-2.92,-3.84,37.55
1.866889238,-3.29,-3.74,39.8
1.870939493,-3.29,-3.74,39.8
1.875004292,-3.29,-3.74,39.8
1.878854513,-3.64,-3.65,41.95
1.882849932,-3.64,-3.65,41.95
1.886979103,-3.98,-3.55,44
1.887829781,-3.98,-3.55,44
1.891818762,-3.98,-3.55,44
1.895808458,-4.34,-3.46,46.02
1.898802996,-4.34,-3.46,46.02
1.902937651,-4.34,-3.46,46.02
1.907947063,-4.72,-3.37,47.95
1.908773422,-4.72,-3.37,47.95
1.915757895,-4.72,-3.37,47.95
1.916755199,-5.14,-3.3,49.82
1.923771858,-5.14,-3.3,49.82
1.924730778,-5.56,-3.22,51.64
1.931861401,-5.56,-3.22,51.64
1.935701847,-5.56,-3.22,51.64
1.936699152,-5.97,-3.14,53.38
1.940688133,-5.97,-3.14,53.38
1.945675373,-5.97,-3.14,53.38
1.94878149,-6.37,-2.99,55.14
1.952656746,-6.37,-2.99,55.14
1.956807375,-6.37,-2.99,55.14
1.960669279,-6.73,-2.82,56.7
1.96477294,-6.73,-2.82,56.7
1.965624094,-7.05,-2.6,58.15
1.972756863,-7.05,-2.6,58.15
1.973599911,-7.34,-2.36,59.51
1.981586933,-7.34,-2.36,59.51
1.985568285,-7.34,-2.36,59.51
1.989608288,-7.64,-2.15,60.84
1.989608288,-7.64,-2.15,60.84
1.995594978,-7.64,-2.15,60.84
1.998586655,-7.97,-1.96,62.2
2.002575874,-7.97,-1.96,62.2
2.005572557,-7.97,-1.96,62.2
2.009560585,-8.3,-1.79,63.49
2.01355195,-8.3,-1.79,63.49
2.017537832,-8.63,-1.64,64.74
2.022720575,-8.63,-1.64,64.74
2.026520014,-8.93,-1.49,65.91
2.030506611,-8.93,-1.49,65.91
2.034492254,-8.93,-1.49,65.91
2.038484812,-9.18,-1.35,66.97
2.039476633,-9.18,-1.35,66.97
2.045460939,-9.18,-1.35,66.97
2.047456503,-9.39,-1.22,68.1
2.051446676,-9.39,-1.22,68.1
2.054437399,-9.39,-1.22,68.1
2.058615685,-9.55,-1.09,68.94
2.063414097,-9.55,-1.09,68.94
2.067450285,-9.71,-0.96,69.68
2.071552992,-9.71,-0.96,69.68
2.075582981,-9.71,-0.96,69.68
2.079577446,-9.84,-0.84,70.32
2.083565235,-9.84,-0.84,70.32
2.087707043,-9.96,-0.73,70.86
2.091965914,-9.96,-0.73,70.86
2.095760107,-9.96,-0.73,70.86
2.096762419,-10.07,-0.65,71.34
2.100750208,-10.07,-0.65,71.34
2.103912592,-10.07,-0.65,71.34
2.107780218,-10.17,-0.6,71.71
2.111750364,-10.17,-0.6,71.71
2.116713524,-10.25,-0.58,72
2.120692968,-10.25,-0.58,72
2.124927044,-10.25,-0.58,72
2.12887454,-10.34,-0.57,72.25
2.132891893,-10.34,-0.57,72.25
2.137001276,-10.43,-0.55,72.42
2.140847206,-10.43,-0.55,72.42
2.141840458,-10.43,-0.55,72.42
2.145829916,-10.51,-0.52,72.55
2.149820566,-10.51,-0.52,72.55
2.153808355,-10.51,-0.52,72.55
2.156805038,-10.58,-0.48,72.64
2.160790443,-10.58,-0.48,72.64
2.165777683,-10.58,-0.48,72.64
2.169769764,-10.66,-0.45,72.68
2.173792124,-10.66,-0.45,72.68
2.177781582,-10.74,-0.45,72.69
2.18191576,-10.74,-0.45,72.69
2.185788155,-10.79,-0.47,72.66
2.189897537,-10.79,-0.47,72.66
2.193738699,-10.79,-0.47,72.66
2.195733547,-10.84,-0.5,72.65
2.199726343,-10.84,-0.5,72.65
2.202714682,-10.84,-0.5,72.65
2.206848383,-10.89,-0.52,72.58
2.210693598,-10.89,-0.52,72.58
2.214684486,-10.89,-0.52,72.58
2.218709469,-10.92,-0.54,72.5
2.222711325,-10.92,-0.54,72.5
2.22665906,-10.94,-0.57,72.4
2.230691433,-10.94,-0.57,72.4
2.234630108,-10.94,-0.57,72.4
2.238618612,-10.96,-0.6,72.28
2.243606329,-10.96,-0.6,72.28
2.247618675,-10.98,-0.51,72.14
2.247618675,-10.98,-0.51,72.14
2.251610994,-10.98,-0.51,72.14
2.255604982,-10.98,-0.46,71.99
2.25956893,-10.98,-0.46,71.99
2.263585329,-10.98,-0.46,71.99
2.267567873,-11.01,-0.39,71.84
2.271633387,-11.01,-0.39,71.84
2.276522398,-11.06,-0.32,71.68
2.279509068,-11.06,-0.32,71.68
2.284496307,-11.06,-0.32,71.68
2.288505316,-11.05,-0.36,71.45
2.2925179,-11.05,-0.36,71.45
2.296465158,-11.05,-0.36,71.45
2.29746151,-11.02,-0.4,71.17
2.301491737,-11.02,-0.4,71.17
2.305439472,-11,-0.46,70.83
2.312421083,-11,-0.46,70.83
2.313418627,-11,-0.46,70.83
2.317434788,-10.98,-0.53,70.44
2.321502447,-10.98,-0.53,70.44
2.326393843,-10.95,-0.61,69.99
2.329375982,-10.95,-0.61,69.99
2.333391428,-10.95,-0.61,69.99
2.338351727,-10.92,-0.7,69.49
2.341368198,-10.92,-0.7,69.49
2.345333338,-10.92,-0.7,69.49
2.34935689,-10.86,-0.79,68.89
2.350320816,-10.86,-0.79,68.89
2.354308844,-10.86,-0.79,68.89
2.358324766,-10.77,-0.89,68.16
2.362287521,-10.77,-0.89,68.16
2.366303444,-10.65,-0.99,67.29
2.370266438,-10.65,-0.99,67.29
2.374255657,-10.65,-0.99,67.29
2.379243851,-10.53,-1.1,66.3
2.383234978,-10.53,-1.1,66.3
2.387274981,-10.43,-1.23,65.21
2.391248941,-10.43,-1.23,65.21
2.395230532,-10.43,-1.23,65.21
2.399217367,-10.32,-1.35,64.01
2.403322935,-10.32,-1.35,64.01
2.407171965,-10.32,-1.35,64.01
2.408164978,-10.21,-1.48,62.69
2.4152987,-10.21,-1.48,62.69
2.416175842,-10.1,-1.61,61.23
2.420132875,-10.1,-1.61,61.23
2.424122334,-10.1,-1.61,61.23
2.42914319,-9.96,-1.75,59.58
2.436090469,-9.96,-1.75,59.58
2.437088013,-9.79,-1.89,57.73
2.441077709,-9.79,-1.89,57.73
2.445066452,-9.79,-1.89,57.73
2.449056864,-9.62,-2.04,55.73
2.452074766,-9.62,-2.04,55.73
2.456060171,-9.62,-2.04,55.73
2.460052252,-9.43,-2.2,53.62
2.464015722,-9.43,-2.2,53.62
2.468171597,-9.24,-2.35,51.41
2.473027706,-9.24,-2.35,51.41
2.476478815,-9.24,-2.35,51.41
2.479295254,-9.03,-2.49,49.1
2.483453274,-9.03,-2.49,49.1
2.486158848,-8.78,-2.63,46.66
2.490168333,-8.78,-2.63,46.66
2.495767355,-8.78,-2.63,46.66
2.497757196,-8.5,-2.76,44.11
2.500774384,-8.5,-2.76,44.11
2.505801201,-8.5,-2.76,44.11
2.509723902,-8.15,-2.89,41.42
2.513861418,-8.15,-2.89,41.42
2.517875195,-7.76,-3.02,38.64
2.521691799,-7.76,-3.02,38.64
2.525868416,-7.76,-3.02,38.64
2.530668259,-7.33,-3.13,35.78
2.533689499,-7.33,-3.13,35.78
2.538680315,-6.84,-3.24,32.84
2.538680315,-6.84,-3.24,32.84
2.543637037,-6.84,-3.24,32.84
2.547622681,-6.29,-3.36,29.79
2.550616026,-6.29,-3.36,29.79
2.554603815,-6.29,-3.36,29.79
2.558597326,-5.69,-3.48,26.64
2.562582254,-5.69,-3.48,26.64
2.566605568,-5.69,-3.48,26.64
2.570716143,-5.03,-3.58,23.41
2.574945688,-5.03,-3.58,23.41
2.578800678,-4.32,-3.67,20.11
2.582765341,-4.32,-3.67,20.11
2.587777138,-3.58,-3.72,16.79
2.591926813,-3.58,-3.72,16.79
2.595730782,-3.58,-3.72,16.79
2.596728086,-2.82,-3.77,13.45
2.60071969,-2.82,-3.77,13.45
2.603778124,-2.82,-3.77,13.45
2.607877731,-2.06,-3.8,10.09
2.611716747,-2.06,-3.8,10.09
2.615830421,-2.06,-3.8,10.09
2.619666815,-1.3,-3.82,6.73
2.623660326,-1.3,-3.82,6.73
2.628643751,-0.57,-3.81,3.39
2.632632732,-0.57,-3.81,3.39
2.636765718,-0.57,-3.81,3.39
2.640757561,0.14,-3.78,0.11
2.641608238,0.14,-3.78,0.11
2.645623684,0.14,-3.78,0.11
2.649588108,0.81,-3.71,-3.14
2.652579069,0.81,-3.71,-3.14
2.656567335,1.43,-3.61,-6.32
2.66055727,1.43,-3.61,-6.32
2.665544748,1.43,-3.61,-6.32
2.669533253,1.99,-3.47,-9.43
2.673842192,1.99,-3.47,-9.43
2.677513123,2.49,-3.32,-12.46
2.681660175,2.49,-3.32,-12.46
2.685492039,2.49,-3.32,-12.46
2.689626694,2.91,-3.16,-15.41
2.690500975,2.91,-3.16,-15.41
2.696461678,2.91,-3.16,-15.41
2.698455811,3.29,-3,-18.28
2.702446938,3.29,-3,-18.28
2.706439257,3.29,-3,-18.28
2.71042943,3.61,-2.84,-21.06
2.714649916,3.61,-2.84,-21.06
2.718514681,3.9,-2.69,-23.75
2.722797632,3.9,-2.69,-23.75
2.726462364,3.9,-2.69,-23.75
2.73060751,4.15,-2.55,-26.37
2.734437227,4.15,-2.55,-26.37
2.73842454,4.37,-2.43,-28.93
2.739421129,4.37,-2.43,-28.93
2.746403217,4.37,-2.43,-28.93
2.747476101,4.57,-2.3,-31.44
2.751392126,4.57,-2.3,-31.44
2.755514383,4.57,-2.3,-31.44
2.759368181,4.75,-2.19,-33.87
2.763358593,4.75,-2.19,-33.87
2.767351389,4.75,-2.19,-33.87
2.768345833,4.91,-2.09,-36.22
2.775495768,4.91,-2.09,-36.22
2.779314995,5.03,-1.97,-38.46
2.784304142,5.03,-1.97,-38.46
2.788435698,5.03,-1.97,-38.46
2.788435698,5.12,-1.84,-40.59
2.796269894,5.12,-1.84,-40.59
2.796269894,5.18,-1.72,-42.63
2.800283909,5.18,-1.72,-42.63
2.804248333,5.18,-1.72,-42.63
2.808408976,5.29,-1.62,-44.6
2.812227249,5.29,-1.62,-44.6
2.816219568,5.29,-1.62,-44.6
2.817216158,5.4,-1.51,-46.56
2.82535553,5.4,-1.51,-46.56
2.826189518,5.59,-1.37,-48.5
2.830179214,5.59,-1.37,-48.5
2.834171057,5.59,-1.37,-48.5
2.838159561,5.8,-1.23,-50.4
2.842146635,5.8,-1.23,-50.4
2.846136808,5.8,-1.23,-50.4
2.849130392,6.02,-1.1,-52.23
2.853117943,6.02,-1.1,-52.23
2.858288527,6.02,-1.1,-52.23
2.858288527,6.21,-0.97,-53.95
2.863091469,6.21,-0.97,-53.95
2.867084265,6.4,-0.83,-55.57
2.870238543,6.4,-0.83,-55.57
2.875058651,6.4,-0.83,-55.57
2.879081011,6.61,-0.68,-57.11
2.883041143,6.61,-0.68,-57.11
2.887027264,6.89,-0.51,-58.6
2.891016245,6.89,-0.51,-58.6
2.894042015,6.89,-0.51,-58.6
2.899049282,7.22,-0.35,-60.04
2.902984858,7.22,-0.35,-60.04
2.903981924,7.22,-0.35,-60.04
2.907137394,7.54,-0.2,-61.37
2.912958622,7.54,-0.2,-61.37
2.915949821,7.54,-0.2,-61.37
2.919938564,7.79,-0.06,-62.54
2.9229846,7.79,-0.06,-62.54
2.929915905,7.96,0.09,-63.52
2.930911064,7.96,0.09,-63.52
2.935896397,7.96,0.09,-63.52
2.939886093,8.08,0.23,-64.35
2.943915606,8.08,0.23,-64.35
2.948018789,8.08,0.23,-64.35
2.948862076,8.18,0.37,-65.05
2.952851295,8.18,0.37,-65.05
2.956840038,8.28,0.51,-65.66
2.959835529,8.28,0.51,-65.66
2.963857174,8.28,0.51,-65.66
2.968809843,8.41,0.64,-66.2
2.972797155,8.41,0.64,-66.2
2.976266384,8.54,0.74,-66.68
2.980256319,8.54,0.74,-66.68
2.984271765,8.54,0.74,-66.68
2.988395929,8.67,0.82,-67.07
2.993223667,8.67,0.82,-67.07
2.996213675,8.67,0.82,-67.07
2.997366905,8.75,0.85,-67.39
3.002198935,8.75,0.85,-67.39
3.005244732,8.75,0.85,-67.39
3.009467125,8.82,0.87,-67.66
3.013529778,8.82,0.87,-67.66
3.017520905,8.87,0.89,-67.88
3.021673441,8.87,0.89,-67.88
3.025684357,8.87,0.89,-67.88
3.029486179,8.93,0.91,-68.06
3.033478498,8.93,0.91,-68.06
3.037630796,8.93,0.91,-68.06
3.038461685,8.99,0.92,-68.21
3.045768976,8.99,0.92,-68.21
3.046767235,8.99,0.92,-68.21
3.049761772,9.05,0.93,-68.32
3.053749084,9.05,0.93,-68.32
3.05876565,9.1,0.92,-68.36
3.061759949,9.1,0.92,-68.36
3.066716671,9.1,0.92,-68.36
3.067712784,9.14,0.88,-68.38
3.074870825,9.14,0.88,-68.38
3.075688839,9.18,0.83,-68.38
3.079678535,9.18,0.83,-68.38
3.083670855,9.18,0.83,-68.38
3.087656975,9.22,0.77,-68.36
3.091807842,9.22,0.77,-68.36
3.096633196,9.22,0.77,-68.36
3.099629164,9.27,0.71,-68.35
3.103614807,9.27,0.71,-68.35
3.103614807,9.27,0.71,-68.35
3.108600855,9.3,0.67,-68.29
3.11358881,9.3,0.67,-68.29
3.116583347,9.31,0.62,-68.22
3.120568752,9.31,0.62,-68.22
3.123561382,9.31,0.62,-68.22
3.129545212,9.3,0.59,-68.13
3.132537127,9.3,0.59,-68.13
3.136526346,9.3,0.59,-68.13
3.140692711,9.37,0.52,-68.06
3.144539118,9.37,0.52,-68.06
3.14866209,9.37,0.52,-68.06
3.14949441,9.4,0.47,-67.94
3.153481007,9.4,0.47,-67.94
3.157470465,9.4,0.47,-67.94
3.160506725,9.4,0.43,-67.81
3.164618492,9.4,0.43,-67.81
3.168443203,9.41,0.38,-67.69
3.173427582,9.41,0.38,-67.69
3.177416801,9.41,0.38,-67.69
3.181556225,9.43,0.32,-67.54
3.185397863,9.43,0.32,-67.54
3.189544916,9.43,0.27,-67.38
3.190382242,9.43,0.27,-67.38
3.19636631,9.43,0.27,-67.38
3.198361158,9.44,0.21,-67.17
3.201355219,9.44,0.21,-67.17
3.205493927,9.44,0.21,-67.17
3.210334301,9.44,0.15,-66.92
3.214373589,9.44,0.15,-66.92
3.218309641,9.44,0.15,-66.92
3.219306469,9.41,0.07,-66.62
3.226287842,9.41,0.07,-66.62
3.229279041,9.34,-0.01,-66.24
3.23426795,9.34,-0.01,-66.24
3.238407373,9.34,-0.01,-66.24
3.239251852,9.23,-0.08,-65.78
3.246233463,9.23,-0.08,-65.78
3.247230291,9.23,-0.08,-65.78
3.251222372,9.07,-0.14,-65.17
3.255354643,9.07,-0.14,-65.17
3.25936842,8.88,-0.19,-64.45
3.263188124,8.88,-0.19,-64.45
3.267184734,8.88,-0.19,-64.45
3.271198511,8.67,-0.24,-63.58
3.275190592,8.67,-0.24,-63.58
3.280142069,8.44,-0.27,-62.56
3.283137798,8.44,-0.27,-62.56
3.288125992,8.44,-0.27,-62.56
3.288125992,8.22,-0.32,-61.36
3.300089121,8.22,-0.32,-61.36
3.301087379,8.02,-0.4,-60.02
3.302085876,8.02,-0.4,-60.02
3.304080486,8.02,-0.4,-60.02
3.308222532,7.81,-0.5,-58.51
3.309065819,7.81,-0.5,-58.51
3.316048622,7.81,-0.5,-58.51
3.317047358,7.63,-0.65,-56.87
3.324192047,7.63,-0.65,-56.87
3.325022697,7.63,-0.65,-56.87
3.330009699,7.43,-0.82,-55.07
3.33400321,7.43,-0.82,-55.07
3.337988377,7.19,-1.01,-53.12
3.341128588,7.19,-1.01,-53.12
3.345966816,7.19,-1.01,-53.12
3.349103928,6.96,-1.23,-51.03
3.352948189,6.96,-1.23,-51.03
3.353944778,6.96,-1.23,-51.03
3.357934475,6.7,-1.46,-48.83
3.362920761,6.7,-1.46,-48.83
3.36591506,6.7,-1.46,-48.83
3.369902849,6.43,-1.71,-46.52
3.373892069,6.43,-1.71,-46.52
3.37887907,6.16,-1.97,-44.13
3.382870913,6.16,-1.97,-44.13
3.386857033,5.85,-2.26,-41.62
3.390846729,5.85,-2.26,-41.62
3.393844843,5.85,-2.26,-41.62
3.397973776,5.51,-2.54,-38.99
3.402814627,5.51,-2.54,-38.99
3.402814627,5.51,-2.54,-38.99
3.407275438,5.17,-2.83,-36.25
3.41319561,5.17,-2.83,-36.25
3.415190697,5.17,-2.83,-36.25
3.419179916,4.8,-3.1,-33.43
3.423835754,4.8,-3.1,-33.43
3.431150436,4.42,-3.37,-30.56
3.432147503,4.42,-3.37,-30.56
3.436136484,4.42,-3.37,-30.56
3.440125942,4.05,-3.62,-27.65
3.446109772,4.05,-3.62,-27.65
3.447107553,3.67,-3.86,-24.7
3.451097488,3.67,-3.86,-24.7
3.455085516,3.67,-3.86,-24.7
3.456082582,3.25,-4.08,-21.68
3.463066101,3.25,-4.08,-21.68
3.464062214,3.25,-4.08,-21.68
3.469049692,2.79,-4.28,-18.54
3.472039938,2.79,-4.28,-18.54
3.480019331,2.28,-4.46,-15.3
3.481016159,2.28,-4.46,-15.3
3.485007524,2.28,-4.46,-15.3
3.48899436,1.76,-4.62,-12.01
3.49598217,1.76,-4.62,-12.01
3.49697423,1.76,-4.62,-12.01
3.500965595,1.28,-4.76,-8.75
3.504951715,1.28,-4.76,-8.75
3.505949259,1.28,-4.76,-8.75
3.509961128,0.83,-4.88,-5.49
3.513930559,0.83,-4.88,-5.49
3.517919302,0.4,-4.96,-2.26
3.521906376,0.4,-4.96,-2.26
3.525895834,0.4,-4.96,-2.26
3.529887199,-0.05,-5.03,1
3.532880545,-0.05,-5.03,1
3.53786397,-0.47,-5.08,4.23
3.541853189,-0.47,-5.08,4.23
3.54584384,-0.47,-5.08,4.23
3.546844006,-0.88,-5.11,7.44
3.550832033,-0.88,-5.11,7.44
3.554818869,-0.88,-5.11,7.44
3.557810545,-1.25,-5.11,10.58
3.561800718,-1.25,-5.11,10.58
3.565789223,-1.25,-5.11,10.58
3.569778681,-1.6,-5.1,13.69
3.574765682,-1.6,-5.1,13.69
3.578754902,-1.95,-5.09,16.78
3.582745552,-1.95,-5.09,16.78
3.586733341,-1.95,-5.09,16.78
3.593069553,-2.29,-5.05,19.82
3.598700285,-2.29,-5.05,19.82
3.598700285,-2.29,-5.05,19.82
3.601693153,-2.6,-5.01,22.81
3.603687286,-2.6,-5.01,22.81
3.608673334,-2.91,-4.95,25.76
3.616179228,-2.91,-4.95,25.76
3.6170578,-2.91,-4.95,25.76
3.619803429,-3.21,-4.89,28.65
3.623633146,-3.21,-4.89,28.65
3.627655745,-3.49,-4.84,31.46
3.631758213,-3.49,-4.84,31.46
3.635624647,-3.49,-4.84,31.46
3.639739275,-3.75,-4.78,34.2
3.643615723,-3.75,-4.78,34.2
3.647569656,-3.75,-4.78,34.2
3.649564743,-3.98,-4.71,36.84
3.653552532,-3.98,-4.71,36.84
3.657542467,-4.18,-4.66,39.4
3.663527489,-4.18,-4.66,39.4
3.665521383,-4.18,-4.66,39.4
3.669510603,-4.34,-4.67,41.88
3.673499823,-4.34,-4.67,41.88
3.679484129,-4.43,-4.75,44.24
3.681537151,-4.43,-4.75,44.24
3.685529232,-4.43,-4.75,44.24
3.690515518,-4.47,-4.9,46.46
3.69650054,-4.47,-4.9,46.46
3.697497368,-4.47,-4.9,46.46
3.701532841,-4.47,-5.08,48.54
3.705628395,-4.47,-5.08,48.54
3.709645748,-4.47,-5.26,50.5
3.713454723,-4.47,-5.26,50.5
3.717478275,-4.47,-5.26,50.5
3.718440771,-4.49,-5.45,52.34
3.72542572,-4.49,-5.45,52.34
3.72941184,-4.54,-5.65,54.07
3.73439908,-4.54,-5.65,54.07
3.738509655,-4.54,-5.65,54.07
3.742544174,-4.63,-5.84,55.69
3.746367455,-4.63,-5.84,55.69
3.747364044,-4.63,-5.84,55.69
3.751353502,-4.75,-6.01,57.21
3.754371643,-4.75,-6.01,57.21
3.758500576,-4.75,-6.01,57.21
3.762351274,-4.92,-6.16,58.62
3.767311096,-4.92,-6.16,58.62
3.771409035,-5.12,-6.3,59.95
3.775744677,-5.12,-6.3,59.95
3.778722048,-5.36,-6.41,61.21
3.783712149,-5.36,-6.41,61.21
3.787798643,-5.36,-6.41,61.21
3.791866779,-5.64,-6.49,62.45
3.792684793,-5.64,-6.49,62.45
3.796675205,-5.64,-6.49,62.45
3.800667048,-5.95,-6.52,63.65
3.804652452,-5.95,-6.52,63.65
3.80782938,-5.95,-6.52,63.65
3.811671019,-6.24,-6.52,64.79
3.815782785,-6.24,-6.52,64.79
3.820610046,-6.53,-6.51,65.86
3.823769093,-6.53,-6.51,65.86
3.828588724,-6.53,-6.51,65.86
3.832732201,-6.8,-6.47,66.86
3.836568117,-6.8,-6.47,66.86
3.840611219,-7.06,-6.42,67.82
3.844589233,-7.06,-6.42,67.82
3.846543074,-7.06,-6.42,67.82
3.849532843,-7.3,-6.35,68.83
3.853522778,-7.3,-6.35,68.83
3.857512236,-7.3,-6.35,68.83
3.860542774,-7.52,-6.26,69.65
3.865590572,-7.52,-6.26,69.65
3.869481564,-7.71,-6.14,70.39
3.873624325,-7.71,-6.14,70.39
3.877495766,-7.71,-6.14,70.39
3.881602526,-7.89,-5.99,71.04
3.885479212,-7.89,-5.99,71.04
3.889584541,-8.06,-5.84,71.62
3.893417358,-8.06,-5.84,71.62
3.896407843,-8.06,-5.84,71.62
3.898463011,-8.21,-5.71,72.14
3.902393818,-8.21,-5.71,72.14
3.906545162,-8.21,-5.71,72.14
3.910403967,-8.35,-5.61,72.55
3.914514542,-8.35,-5.61,72.55
3.918351889,-8.49,-5.54,72.91
3.922502041,-8.49,-5.54,72.91
3.926412582,-8.49,-5.54,72.91
3.930318117,-8.64,-5.45,73.24
3.934310198,-8.64,-5.45,73.24
3.939358473,-8.78,-5.36,73.52
3.943283558,-8.78,-5.36,73.52
3.947272778,-8.78,-5.36,73.52
3.94826889,-8.91,-5.24,73.89
3.952260494,-8.91,-5.24,73.89
3.955409765,-8.91,-5.24,73.89
3.959406137,-9.04,-5.1,74.06
3.963229179,-9.04,-5.1,74.06
3.967255116,-9.04,-5.1,74.06
3.971359253,-9.15,-4.96,74.18
3.976365089,-9.15,-4.96,74.18
3.980183363,-9.26,-4.85,74.26
3.984176159,-9.26,-4.85,74.26
3.988229513,-9.26,-4.85,74.26
3.992314577,-9.35,-4.77,74.29
3.996140957,-9.35,-4.77,74.29
3.997138739,-9.42,-4.7,74.36
4.001131058,-9.42,-4.7,74.36
4.005117655,-9.42,-4.7,74.36
4.008153677,-9.49,-4.64,74.33
4.012127638,-9.49,-4.64,74.33
4.017088652,-9.49,-4.64,74.33
4.021238089,-9.54,-4.58,74.26
4.025063992,-9.54,-4.58,74.26
4.029086351,-9.58,-4.52,74.17
4.033064365,-9.58,-4.52,74.17
4.037031889,-9.58,-4.52,74.17
4.041188002,-9.62,-4.46,74.06
4.045063019,-9.62,-4.46,74.06
4.046007872,-9.62,-4.46,74.06
4.049999475,-9.63,-4.42,73.94
4.053986311,-9.63,-4.42,73.94
4.0579772,-9.63,-4.42,73.94
4.061990976,-9.68,-4.27,73.81
4.066108227,-9.68,-4.27,73.81
4.069944143,-9.69,-4.17,73.63
4.074098825,-9.69,-4.17,73.63
4.077947855,-9.69,-4.17,73.63
4.082065821,-9.68,-4.08,73.45
4.085902691,-9.68,-4.08,73.45
4.090913057,-9.69,-3.99,73.25
4.090913057,-9.69,-3.99,73.25
4.095900059,-9.69,-3.99,73.25
4.099864483,-9.68,-3.9,73.02
4.102905512,-9.68,-3.9,73.02
4.106846333,-9.68,-3.9,73.02
4.110839605,-9.67,-3.8,72.79
4.114979982,-9.67,-3.8,72.79
4.118838549,-9.67,-3.8,72.79
4.119810104,-9.65,-3.71,72.54
4.127788782,-9.65,-3.71,72.54
4.129784107,-9.65,-3.71,72.3
4.135769129,-9.65,-3.71,72.3
4.13979435,-9.65,-3.71,72.3
4.140794277,-9.63,-3.72,72.05
4.146778584,-9.63,-3.72,72.05
4.148775339,-9.61,-3.74,71.83
4.1517663,-9.61,-3.74,71.83
4.155753851,-9.61,-3.74,71.83
4.159747839,-9.57,-3.75,71.54
4.163734436,-9.57,-3.75,71.54
4.16875577,-9.57,-3.75,71.54
4.169716835,-9.53,-3.76,71.23
4.176700592,-9.53,-3.76,71.23
4.180687904,-9.49,-3.76,70.91
4.181684732,-9.49,-3.76,70.91
4.188873053,-9.49,-3.76,70.91
4.188873053,-9.45,-3.78,70.56
4.196851492,-9.45,-3.78,70.56
4.197849751,-9.45,-3.78,70.56
4.201840401,-9.41,-3.83,70.24
4.204985142,-9.41,-3.83,70.24
4.209848881,-9.41,-3.83,70.24
4.213805676,-9.38,-3.9,69.85
4.217804432,-9.38,-3.9,69.85
4.221934795,-9.32,-3.98,69.41
4.225940466,-9.32,-3.98,69.41
4.229764462,-9.32,-3.98,69.41
4.233785629,-9.26,-4.06,68.93
4.237898111,-9.26,-4.06,68.93
4.242739916,-9.18,-4.12,68.37
4.243728876,-9.18,-4.12,68.37
4.246764183,-9.18,-4.12,68.37
4.250711441,-9.1,-4.16,67.77
4.254697561,-9.1,-4.16,67.77
4.258870125,-9.1,-4.16,67.77
4.262702942,-9.02,-4.2,67.06
4.266667843,-9.02,-4.2,67.06
4.270704269,-8.92,-4.21,66.28
4.274647951,-8.92,-4.21,66.28
4.278633118,-8.92,-4.21,66.28
4.282621861,-8.84,-4.23,65.42
4.286654472,-8.84,-4.23,65.42
4.290601015,-8.84,-4.17,64.52
4.291597605,-8.84,-4.17,64.52
4.296585083,-8.84,-4.17,64.52
4.299579382,-8.81,-4.14,63.49
4.30360961,-8.81,-4.14,63.49
4.307579994,-8.81,-4.14,63.49
4.311544418,-8.77,-4.12,62.37
4.315695524,-8.77,-4.12,62.37
4.319565058,-8.77,-4.12,62.37
4.320520163,-8.71,-4.09,61.13
4.327540398,-8.71,-4.09,61.13
4.330494881,-8.66,-4.04,59.75
4.336478472,-8.66,-4.04,59.75
4.340631008,-8.66,-4.04,59.75
4.341464043,-8.59,-3.97,58.21
4.346452236,-8.59,-3.97,58.21
4.349446058,-8.5,-3.9,56.51
4.352437258,-8.5,-3.9,56.51
4.35658884,-8.5,-3.9,56.51
4.360456944,-8.42,-3.83,54.7
4.364562273,-8.42,-3.83,54.7
4.369389534,-8.42,-3.83,54.7
4.369389534,-8.32,-3.77,52.75
4.377370596,-8.32,-3.77,52.75
4.380360842,-8.22,-3.72,50.7
4.385349989,-8.22,-3.72,50.7
4.389569521,-8.22,-3.72,50.7
4.393561125,-8.12,-3.65,48.54
4.396553993,-8.12,-3.65,48.54
4.398550272,-8.02,-3.58,46.27
4.402538538,-8.02,-3.58,46.27
4.405687094,-8.02,-3.58,46.27
4.409697771,-7.92,-3.53,43.92
4.413508654,-7.92,-3.53,43.92
4.418494225,-7.92,-3.53,43.92
4.422643661,-7.82,-3.47,41.47
4.426605701,-7.82,-3.47,41.47
4.430462599,-7.71,-3.41,38.95
4.434494495,-7.71,-3.41,38.95
4.438597441,-7.71,-3.41,38.95
4.442606211,-7.6,-3.35,36.36
4.446420908,-7.6,-3.35,36.36
4.447460413,-7.45,-3.3,33.72
4.452404261,-7.45,-3.3,33.72
4.455396414,-7.45,-3.3,33.72
4.459389687,-7.28,-3.27,31.03
4.463387489,-7.28,-3.27,31.03
4.467364311,-7.28,-3.27,31.03
4.472351551,-7.06,-3.25,28.29
4.475347519,-7.06,-3.25,28.29
4.479332447,-6.79,-3.27,25.5
4.483321428,-6.79,-3.27,25.5
4.48731041,-6.79,-3.27,25.5
4.492306709,-6.46,-3.33,22.67
4.496287107,-6.46,-3.33,22.67
4.500277281,-6.09,-3.4,19.82
4.501275301,-6.09,-3.4,19.82
4.505262613,-6.09,-3.4,19.82
4.509252071,-5.69,-3.5,16.97
4.513241768,-5.69,-3.5,16.97
4.516387463,-5.69,-3.5,16.97
4.521219015,-5.26,-3.62,14.15
4.524216175,-5.26,-3.62,14.15
4.530196905,-4.82,-3.76,11.35
4.532343864,-4.82,-3.76,11.35
4.537177086,-4.82,-3.76,11.35
4.541315794,-4.38,-3.91,8.57
4.54515624,-4.38,-3.91,8.57
4.54914546,-4.38,-3.91,8.57
4.550143242,-3.95,-4.06,5.81
4.554131985,-3.95,-4.06,5.81
4.558121443,-3.95,-4.06,5.81
4.563108206,-3.52,-4.22,3.09
4.566100121,-3.52,-4.22,3.09
4.569092512,-3.12,-4.35,0.42
4.574203014,-3.12,-4.35,0.42
4.578098059,-3.12,-4.35,0.42
4.58220315,-2.76,-4.46,-2.17
4.586046696,-2.76,-4.46,-2.17
4.590115309,-2.45,-4.5,-4.7
4.594074249,-2.45,-4.5,-4.7
4.606993437,-2.45,-4.5,-4.7
4.609993458,-2.17,-4.5,-7.14
4.618959665,-2.17,-4.5,-7.14
4.620956182,-2.17,-4.5,-7.14
4.622949839,-1.91,-4.44,-9.57
4.623950243,-1.91,-4.44,-9.57
4.625941515,-1.91,-4.44,-9.57
4.626940489,-1.61,-4.36,-11.97
4.631928682,-1.61,-4.36,-11.97
4.63292098,-1.31,-4.26,-14.34
4.635914087,-1.31,-4.26,-14.34
4.639961481,-1.31,-4.26,-14.34
4.643896818,-0.99,-4.17,-16.65
4.647882223,-0.99,-4.17,-16.65
4.648878336,-0.99,-4.17,-16.65
4.652868748,-0.66,-4.09,-18.95
4.656017065,-0.66,-4.09,-18.95
4.65985322,-0.34,-4.03,-21.21
4.663844585,-0.34,-4.03,-21.21
4.66782999,-0.34,-4.03,-21.21
4.671821117,-0.02,-3.99,-23.46
4.675811052,-0.02,-3.99,-23.46
4.679796696,0.33,-3.96,-25.73
4.68478322,0.33,-3.96,-25.73
4.689053297,0.33,-3.96,-25.73
4.69311595,0.7,-3.93,-28.03
4.696752548,0.7,-3.93,-28.03
4.697783709,0.7,-3.93,-28.03
4.701738119,1.07,-3.9,-30.32
4.705726862,1.07,-3.9,-30.32
4.709715843,1.07,-3.9,-30.32
4.712710381,1.42,-3.88,-32.57
4.716697931,1.42,-3.88,-32.57
4.721683741,1.75,-3.85,-34.8
4.72567749,1.75,-3.85,-34.8
4.729724407,1.75,-3.85,-34.8
4.7336905,2.06,-3.83,-36.97
4.737798929,2.06,-3.83,-36.97
4.741630554,2.36,-3.82,-39.1
4.74564743,2.36,-3.82,-39.1
4.746617556,2.36,-3.82,-39.1
4.751605988,2.64,-3.8,-41.21
4.75459671,2.64,-3.8,-41.21
4.757588387,2.64,-3.8,-41.21
4.762574673,2.92,-3.78,-43.24
4.766590834,2.92,-3.78,-43.24
4.770552635,3.19,-3.72,-45.22
4.774700165,3.19,-3.72,-45.22
4.77857399,3.19,-3.72,-45.22
4.782676697,3.43,-3.64,-47.09
4.786536932,3.43,-3.64,-47.09
4.790503979,3.67,-3.54,-48.87
4.791497231,3.67,-3.54,-48.87
4.797482252,3.67,-3.54,-48.87
4.799526215,3.94,-3.45,-50.71
4.803465605,3.94,-3.45,-50.71
4.807454586,3.94,-3.45,-50.71
4.811443567,4.25,-3.36,-52.43
4.813440084,4.25,-3.36,-52.43
4.819475174,4.25,-3.36,-52.43
4.820420265,4.6,-3.27,-54.13
4.827404499,4.6,-3.27,-54.13
4.830394268,4.97,-3.19,-55.8
4.832388639,4.97,-3.19,-55.8
4.840460777,4.97,-3.19,-55.8
4.841364145,5.34,-3.1,-57.4
4.846350431,5.34,-3.1,-57.4
4.848499537,5.34,-3.1,-57.4
4.853331804,5.67,-3.01,-58.93
4.856367111,5.67,-3.01,-58.93
4.860312939,5.67,-3.01,-58.93
4.864302397,5.97,-2.93,-60.32
4.86833477,5.97,-2.93,-60.32
4.869315386,6.23,-2.83,-61.6
4.877301931,6.23,-2.83,-61.6
4.881257534,6.23,-2.83,-61.6
4.882254601,6.46,-2.71,-62.8
4.886245012,6.46,-2.71,-62.8
4.890234232,6.7,-2.59,-63.89
4.897215128,6.7,-2.59,-63.89
4.898212433,6.7,-2.59,-63.89
4.901229382,6.94,-2.44,-64.92
4.905348063,6.94,-2.44,-64.92
4.906190634,6.94,-2.44,-64.92
4.913188457,7.17,-2.29,-65.85
4.91416955,7.17,-2.29,-65.85
4.9181602,7.17,-2.29,-65.85
4.922202587,7.39,-2.12,-66.68
4.926141024,7.39,-2.12,-66.68
4.931123972,7.58,-1.99,-67.4
4.934117079,7.58,-1.99,-67.4
4.939102888,7.58,-1.99,-67.4
4.944094419,7.74,-1.88,-67.98
4.947084188,7.74,-1.88,-67.98
4.951071262,7.74,-1.88,-67.98
4.95522213,7.91,-1.79,-68.5
4.95605731,7.91,-1.79,-68.5
4.959213734,7.91,-1.79,-68.5
4.96308279,8.1,-1.68,-69
4.96705842,8.1,-1.68,-69
4.971179485,8.33,-1.57,-69.5
4.975169897,8.33,-1.57,-69.5
4.978996038,8.33,-1.57,-69.5
4.98298955,8.54,-1.46,-69.94
4.986978292,8.54,-1.46,-69.94
4.991968632,8.74,-1.34,-70.34
4.993898153,8.74,-1.34,-70.34
4.996849537,8.74,-1.34,-70.34
5.000953436,8.9,-1.23,-70.65
5.00489378,8.9,-1.23,-70.65
5.007215261,8.9,-1.23,-70.65
5.012040138,9.04,-1.15,-70.91
5.016029596,9.04,-1.15,-70.91
5.020019531,9.04,-1.15,-70.91
5.024040937,9.13,-1.08,-71.1
5.028023958,9.13,-1.08,-71.1
5.032983065,9.19,-1.03,-71.22
5.037017822,9.19,-1.03,-71.22
5.041108847,9.19,-1.03,-71.22
5.041960239,9.22,-0.99,-71.28
5.045891047,9.22,-0.99,-71.28
5.05004549,9.22,-0.93,-71.33
5.053850651,9.22,-0.93,-71.33
5.05618906,9.22,-0.93,-71.33
5.061712027,9.23,-0.88,-71.3
5.063704014,9.23,-0.88,-71.3
5.069696426,9.23,-0.88,-71.3
5.0706563,9.22,-0.84,-71.24
5.076971292,9.22,-0.84,-71.24
5.079964638,9.2,-0.81,-71.14
5.082956076,9.2,-0.81,-71.14
5.090183735,9.2,-0.81,-71.14
5.090183735,9.18,-0.77,-71.06
5.098165274,9.18,-0.77,-71.06
5.099162579,9.18,-0.77,-71.06
5.102157593,9.18,-0.76,-70.97
5.106292009,9.18,-0.76,-70.97
5.110137224,9.18,-0.76,-70.97
5.112129688,9.17,-0.76,-70.87
5.118117094,9.17,-0.76,-70.87
5.119109392,9.15,-0.77,-70.76
5.124096632,9.15,-0.77,-70.76
5.131229639,9.15,-0.77,-70.76
5.132074356,9.13,-0.76,-70.66
5.136063576,9.13,-0.76,-70.66
5.140052795,9.11,-0.77,-70.53
5.144066811,9.11,-0.77,-70.53
5.148031473,9.11,-0.77,-70.53
5.151026726,9.13,-0.77,-70.45
5.155012608,9.13,-0.77,-70.45
5.156010151,9.13,-0.77,-70.45
5.161000967,9.12,-0.78,-70.33
5.163995266,9.12,-0.78,-70.33
5.16798377,9.12,-0.78,-70.33
5.172964811,9.11,-0.79,-70.21
5.176286936,9.11,-0.79,-70.21
5.181146145,9.09,-0.81,-70.09
5.184139729,9.09,-0.81,-70.09
5.188178539,9.09,-0.81,-70.09
5.192115307,9.11,-0.81,-69.99
5.196104527,9.11,-0.81,-69.99
5.20009613,9.11,-0.81,-69.99
5.201094627,9.13,-0.83,-69.88
5.205080271,9.13,-0.83,-69.88
5.209115744,9.13,-0.83,-69.88
5.213103533,9.14,-0.85,-69.74
5.217051268,9.14,-0.85,-69.74
5.221207142,9.14,-0.85,-69.74
5.225207806,9.14,-0.86,-69.59
5.229071379,9.14,-0.86,-69.59
5.230014324,9.14,-0.89,-69.43
5.236996651,9.14,-0.89,-69.43
5.241156578,9.14,-0.89,-69.43
5.241981506,9.13,-0.92,-69.24
5.246968985,9.13,-0.92,-69.24
5.249961615,9.12,-0.93,-69.05
5.253949642,9.12,-0.93,-69.05
5.258103132,9.12,-0.93,-69.05
5.261956453,9.15,-0.96,-68.83
5.26392293,9.15,-0.96,-68.83
5.266914606,9.15,-0.96,-68.83
5.270904541,9.17,-0.99,-68.61
5.274057627,9.17,-0.99,-68.61
5.277921915,9.17,-0.99,-68.61
5.2828722,9.13,-1.01,-68.31
5.286861897,9.13,-1.01,-68.31
5.29085207,9.05,-1.04,-67.97
5.294845581,9.05,-1.04,-67.97
5.298830032,9.05,-1.04,-67.97
5.29983139,8.97,-1.07,-67.57
5.303827286,8.97,-1.07,-67.57
5.307808399,8.97,-1.07,-67.57
5.311800718,8.85,-1.1,-67.1
5.314787865,8.85,-1.1,-67.1
5.318777323,8.85,-1.1,-67.1
5.322765589,8.69,-1.13,-66.54
5.327756882,8.69,-1.13,-66.54
5.33174181,8.53,-1.14,-65.89
5.335731745,8.53,-1.14,-65.89
5.339720249,8.53,-1.14,-65.89
5.343710899,8.33,-1.16,-65.11
5.346703053,8.33,-1.16,-65.11
5.348696709,8.33,-1.16,-65.11
5.352686405,8.14,-1.16,-64.14
5.355710983,8.14,-1.16,-64.14
5.359691381,8.14,-1.16,-64.14
5.363659859,7.95,-1.17,-63.14
5.36864686,7.95,-1.17,-63.14
5.37263298,7.78,-1.18,-62.01
5.376621723,7.78,-1.18,-62.01
5.38061142,7.78,-1.18,-62.01
5.384600878,7.58,-1.21,-60.79
5.388589621,7.58,-1.21,-60.79
5.392579079,7.35,-1.28,-59.43
5.396568298,7.35,-1.28,-59.43
5.397566319,7.35,-1.28,-59.43
5.401556015,7.05,-1.35,-57.93
5.405544281,7.05,-1.35,-57.93
5.409533501,7.05,-1.35,-57.93
5.410531044,6.7,-1.42,-56.35
5.414520741,6.7,-1.42,-56.35
5.418510437,6.7,-1.42,-56.35
5.422498703,6.29,-1.48,-54.66
5.426488161,6.29,-1.48,-54.66
5.430481434,5.85,-1.52,-52.89
5.434468269,5.85,-1.52,-52.89
5.438456059,5.85,-1.52,-52.89
5.442445278,5.42,-1.56,-51.07
5.447432756,5.42,-1.56,-51.07
5.450425148,5.42,-1.56,-51.07
5.454413414,4.98,-1.61,-49.22
5.458402634,4.98,-1.61,-49.22
5.459400177,4.98,-1.61,-49.22
5.463390112,4.57,-1.7,-47.4
5.467381716,4.57,-1.7,-47.4
5.471368313,4.18,-1.79,-45.59
5.475358248,4.18,-1.79,-45.59
5.480345249,4.18,-1.79,-45.59
5.48433423,3.79,-1.86,-43.8
5.487325668,3.79,-1.86,-43.8
5.491354465,3.43,-1.92,-41.97
5.497299194,3.43,-1.92,-41.97
5.499328613,3.43,-1.92,-41.97
5.503315687,3.09,-1.99,-40.04
5.504282475,3.09,-1.99,-40.04
5.508269548,3.09,-1.99,-40.04
5.514254093,2.8,-2.08,-38.17
5.515251637,2.8,-2.08,-38.17
5.520237446,2.53,-2.18,-36.28
5.524226427,2.53,-2.18,-36.28
5.528216124,2.53,-2.18,-36.28
5.533203363,2.28,-2.31,-34.37
5.536195278,2.28,-2.31,-34.37
5.541181564,2.05,-2.44,-32.41
5.544176102,2.05,-2.44,-32.41
5.548162937,2.05,-2.44,-32.41
5.553151131,1.83,-2.59,-30.4
5.553151131,1.83,-2.59,-30.4
5.557138681,1.83,-2.59,-30.4
5.563123465,1.6,-2.72,-28.32
5.565117836,1.6,-2.72,-28.32
5.569108725,1.6,-2.72,-28.32
5.573096275,1.35,-2.85,-26.14
5.577085733,1.35,-2.85,-26.14
5.58107543,1.08,-2.99,-23.89
5.58506465,1.08,-2.99,-23.89
5.589053154,1.08,-2.99,-23.89
5.59304285,0.83,-3.13,-21.57
5.598029852,0.83,-3.13,-21.57
5.602019787,0.83,-3.13,-21.57
5.603016615,0.6,-3.27,-19.2
5.607005358,0.6,-3.27,-19.2
5.613987446,0.6,-3.27,-19.2
5.613987446,0.38,-3.41,-16.78
5.617977381,0.38,-3.41,-16.78
5.621965647,0.16,-3.55,-14.28
5.625954866,0.16,-3.55,-14.28
5.629944086,0.16,-3.55,-14.28
5.634934902,-0.09,-3.65,-11.68
5.638920784,-0.09,-3.65,-11.68
5.642909765,-0.35,-3.76,-8.99
5.646900654,-0.35,-3.76,-8.99
5.64789772,-0.35,-3.76,-8.99
5.651886463,-0.61,-3.86,-6.24
5.655875206,-0.61,-3.86,-6.24
5.658867121,-0.61,-3.86,-6.24
5.662856579,-0.84,-3.93,-3.48
5.666847944,-0.84,-3.93,-3.48
5.671833515,-0.84,-3.93,-3.48
5.675822735,-1.05,-3.98,-0.71
5.679811239,-1.05,-3.98,-0.71
5.683800697,-1.21,-4.02,2.05
5.687789917,-1.21,-4.02,2.05
5.691778898,-1.21,-4.02,2.05
5.692775965,-1.36,-4.04,4.82
5.696765661,-1.36,-4.04,4.82
5.700756073,-1.36,-4.04,4.82
5.703746796,-1.51,-4.04,7.58
5.707736015,-1.51,-4.04,7.58
5.712723017,-1.51,-4.04,7.58
5.713720322,-1.65,-4.03,10.3
5.71771121,-1.65,-4.03,10.3
5.721698761,-1.76,-4.02,12.96
5.725688219,-1.76,-4.02,12.96
5.730675459,-1.76,-4.02,12.96
5.734665632,-1.88,-4,15.58
5.737658739,-1.88,-4,15.58
5.741645575,-1.97,-4,18.17
5.747630596,-1.97,-4,18.17
5.749624014,-1.97,-4,18.17
5.753613472,-2.04,-4.04,20.71
5.757602692,-2.04,-4.04,20.71
5.758600235,-2.04,-4.04,20.71
5.763587952,-2.1,-4.1,23.21
5.766578913,-2.1,-4.1,23.21
5.770568371,-2.16,-4.15,25.65
5.774557352,-2.16,-4.15,25.65
5.780541182,-2.16,-4.15,25.65
5.782535791,-2.21,-4.21,28.06
5.786525249,-2.21,-4.21,28.06
5.790514231,-2.28,-4.27,30.45
5.797496796,-2.28,-4.27,30.45
5.798494101,-2.28,-4.27,30.45
5.802482843,-2.35,-4.33,32.81
5.806472063,-2.35,-4.33,32.81
5.80746913,-2.35,-4.33,32.81
5.813453674,-2.39,-4.39,35.13
5.815448046,-2.39,-4.39,35.13
5.819437981,-2.39,-4.39,35.13
5.823426723,-2.38,-4.47,37.38
5.830409288,-2.38,-4.47,37.38
5.831406116,-2.35,-4.56,39.56
5.836392164,-2.35,-4.56,39.56
5.840381145,-2.31,-4.64,41.67
5.847363234,-2.31,-4.64,41.67
5.8483603,-2.31,-4.64,41.67
5.85135293,-2.29,-4.72,43.74
5.855341434,-2.29,-4.72,43.74
5.859331131,-2.29,-4.72,43.74
5.864317656,-2.31,-4.8,45.78
5.86830759,-2.31,-4.8,45.78
5.872296572,-2.31,-4.8,45.78
5.873293161,-2.38,-4.9,47.8
5.880275011,-2.38,-4.9,47.8
5.881272316,-2.5,-4.99,49.77
5.88825345,-2.5,-4.99,49.77
5.89224267,-2.5,-4.99,49.77
5.893239975,-2.66,-5.06,51.67
5.897230148,-2.66,-5.06,51.67
5.902216673,-2.84,-5.15,53.54
5.905208111,-2.84,-5.15,53.54
5.909197807,-2.84,-5.15,53.54
5.913187981,-3.09,-5.24,55.37
5.914185524,-3.09,-5.24,55.37
5.921166658,-3.09,-5.24,55.37
5.922163725,-3.46,-5.33,57.27
5.929145336,-3.46,-5.33,57.27
5.931140661,-3.9,-5.4,59.22
5.934132576,-3.9,-5.4,59.22
5.9421103,-3.9,-5.4,59.22
5.94310689,-4.37,-5.45,61.14
5.948094368,-4.37,-5.45,61.14
5.951087952,-4.37,-5.45,61.14
5.955074549,-4.79,-5.47,63.06
5.958066463,-4.79,-5.47,63.06
5.962055683,-5.14,-5.45,64.7
5.966045856,-5.14,-5.45,64.7
5.970034838,-5.14,-5.45,64.7
5.971031904,-5.45,-5.39,66.18
5.978017092,-5.45,-5.39,66.18
5.983001232,-5.71,-5.29,67.5
5.984001398,-5.71,-5.29,67.5
5.990978956,-5.71,-5.29,67.5
5.991976261,-5.94,-5.12,68.64
5.996963024,-5.94,-5.12,68.64
5.999955416,-5.94,-5.12,68.64
6.003944397,-6.15,-4.9,69.67
6.006936312,-6.15,-4.9,69.67
6.010926962,-6.15,-4.9,69.67
6.01491785,-6.36,-4.66,70.46
6.019902229,-6.36,-4.66,70.46
6.023891211,-6.58,-4.43,71.12
6.027885675,-6.58,-4.43,71.12
6.031870604,-6.58,-4.43,71.12
6.035859346,-6.83,-4.24,71.66
6.039848089,-6.83,-4.24,71.66
6.043837786,-7.1,-4.11,72.11
6.046830177,-7.1,-4.11,72.11
6.048825264,-7.1,-4.11,72.11
6.05281353,-7.43,-4.02,72.52
6.055807352,-7.43,-4.02,72.52
6.060793161,-7.43,-4.02,72.52
6.064782619,-7.76,-3.92,72.88
6.068773985,-7.76,-3.92,72.88
6.072760105,-8.08,-3.78,73.18
6.076749802,-8.08,-3.78,73.18
6.080739737,-8.08,-3.78,73.18
6.084731817,-8.38,-3.59,73.42
6.088717937,-8.38,-3.59,73.42
6.092707157,-8.67,-3.4,73.57
6.096696615,-8.67,-3.4,73.57
6.09769392,-8.67,-3.4,73.57
6.101684093,-8.93,-3.25,73.8
6.105672359,-8.93,-3.25,73.8
6.109662056,-8.93,-3.25,73.8
6.113651514,-9.17,-3.15,73.86
6.114648342,-9.17,-3.15,73.86
6.12163496,-9.17,-3.15,73.86
6.122626781,-9.38,-3.1,73.89
6.130605698,-9.38,-3.1,73.89
6.130605698,-9.57,-3.08,73.92
6.135594606,-9.57,-3.08,73.92
6.14274931,-9.57,-3.08,73.92
6.143571377,-9.72,-3.07,73.91
6.147560596,-9.72,-3.07,73.91
6.151554585,-9.84,-3.04,73.88
6.154542446,-9.84,-3.04,73.88
6.158531666,-9.84,-3.04,73.88
6.162520647,-9.93,-3.03,73.82
6.164516211,-9.93,-3.03,73.82
6.171497345,-9.93,-3.03,73.82
6.172494173,-10,-3.01,73.75
6.179476023,-10,-3.01,73.75
6.181470871,-10.05,-2.98,73.67
6.184469461,-10.05,-2.98,73.67
6.191442728,-10.05,-2.98,73.67
6.195432663,-10.09,-2.95,73.55
6.196430683,-10.09,-2.95,73.55
6.200422525,-10.09,-2.95,73.55
6.204408169,-10.08,-2.91,73.44
6.208397388,-10.08,-2.91,73.44
6.212388039,-10.05,-2.86,73.24
6.216376066,-10.05,-2.86,73.24
6.220365286,-10.05,-2.86,73.24
6.224357128,-10.02,-2.82,73.04
6.228354692,-10.02,-2.82,73.04
6.232335091,-9.99,-2.79,72.82
6.23632431,-9.99,-2.79,72.82
6.240312099,-9.99,-2.79,72.82
6.245303154,-9.97,-2.77,72.62
6.247295141,-9.97,-2.77,72.62
6.249288559,-9.97,-2.77,72.62
6.253278494,-9.97,-2.76,72.42
6.257267237,-9.97,-2.76,72.42
6.261261225,-9.97,-2.76,72.42
6.265246153,-9.97,-2.75,72.25
6.269235373,-9.97,-2.75,72.25
6.273224115,-9.96,-2.73,72.1
6.278218031,-9.96,-2.73,72.1
6.281203508,-9.96,-2.73,72.1
6.286192417,-9.95,-2.71,71.95
6.290178537,-9.95,-2.71,71.95
6.294168711,-9.93,-2.69,71.8
6.297161579,-9.93,-2.69,71.8
6.29815793,-9.93,-2.69,71.8
6.303146601,-9.87,-2.64,71.64
6.306135893,-9.87,-2.64,71.64
6.310127258,-9.87,-2.64,71.64
6.314117908,-9.82,-2.61,71.49
6.318105698,-9.82,-2.61,71.49
6.32309103,-9.82,-2.61,71.49
6.32309103,-9.77,-2.59,71.34
6.331069946,-9.77,-2.59,71.34
6.331069946,-9.76,-2.57,71.22
6.339048624,-9.76,-2.57,71.22
6.343037128,-9.76,-2.57,71.22
6.344035625,-9.74,-2.56,71.08
6.348024607,-9.74,-2.56,71.08
6.352015734,-9.73,-2.55,70.8
6.355005264,-9.73,-2.55,70.8
6.358994722,-9.73,-2.55,70.8
6.363981724,-9.71,-2.54,70.64
6.363981724,-9.71,-2.54,70.64
6.371959925,-9.71,-2.54,70.64
6.372957468,-9.69,-2.54,70.45
6.379938841,-9.69,-2.54,70.45
6.380937099,-9.66,-2.55,70.24
6.384927511,-9.66,-2.55,70.24
6.391907215,-9.66,-2.55,70.24
6.392905951,-9.65,-2.55,70.02
6.396894217,-9.65,-2.55,70.02
6.40089345,-9.65,-2.55,70.02
6.404872179,-9.63,-2.5,69.76
6.408862591,-9.63,-2.5,69.76
6.412851095,-9.63,-2.5,69.76
6.413848162,-9.61,-2.44,69.49
6.417838097,-9.61,-2.44,69.49
6.421827078,-9.61,-2.37,69.21
6.424819469,-9.61,-2.37,69.21
6.430803537,-9.61,-2.37,69.21
6.433796883,-9.6,-2.4,68.9
6.437786341,-9.6,-2.4,68.9
6.441773891,-9.59,-2.43,68.57
6.446760654,-9.59,-2.43,68.57
6.449754477,-9.59,-2.43,68.57
6.45374155,-9.57,-2.47,68.24
6.457732677,-9.57,-2.47,68.24
6.458727837,-9.57,-2.47,68.24
6.463715315,-9.56,-2.52,67.85
6.46670723,-9.56,-2.52,67.85
6.470696688,-9.56,-2.52,67.85
6.474685431,-9.53,-2.57,67.43
6.480669975,-9.53,-2.57,67.43
6.482665062,-9.5,-2.61,66.95
6.486653805,-9.5,-2.61,66.95
6.490643263,-9.5,-2.61,66.95
6.497624397,-9.45,-2.65,66.4
6.498622179,-9.45,-2.65,66.4
6.502612829,-9.39,-2.69,65.58
6.506600142,-9.39,-2.69,65.58
6.507597685,-9.39,-2.69,65.58
6.513581991,-9.33,-2.74,64.89
6.515576363,-9.33,-2.74,64.89
6.519565821,-9.33,-2.74,64.89
6.523556232,-9.25,-2.83,64.1
6.530536652,-9.25,-2.83,64.1
6.532531261,-9.18,-2.93,63.25
6.535524845,-9.18,-2.93,63.25
6.540509939,-9.18,-2.93,63.25
6.547491074,-9.09,-3.04,62.31
6.548489094,-9.09,-3.04,62.31
6.552479506,-9.09,-3.04,62.31
6.556469679,-9.01,-3.15,61.14
6.560458899,-9.01,-3.15,61.14
6.564445734,-9.01,-3.15,61.14
6.565443277,-8.91,-3.26,59.96
6.569434881,-8.91,-3.26,59.96
6.574421406,-8.8,-3.38,58.66
6.57741189,-8.8,-3.38,58.66
6.585391521,-8.69,-3.48,57.25
6.586389065,-8.69,-3.48,57.25
6.589379549,-8.69,-3.48,57.25
6.594366312,-8.58,-3.58,55.73
6.598356009,-8.58,-3.58,55.73
6.601354361,-8.58,-3.58,55.73
6.60545516,-8.47,-3.67,54.11
6.609327793,-8.47,-3.67,54.11
6.613351822,-8.47,-3.67,54.11
6.614315748,-8.35,-3.75,52.4
6.621294498,-8.35,-3.75,52.4
6.62229085,-8.22,-3.82,50.6
6.630270004,-8.22,-3.82,50.6
6.631267309,-8.22,-3.82,50.6
6.635258913,-8.06,-3.9,48.67
6.642307043,-8.06,-3.9,48.67
6.64323473,-7.86,-3.99,46.61
6.648222446,-7.86,-3.99,46.61
6.651217937,-7.86,-3.99,46.61
6.654207945,-7.65,-4.1,44.44
6.658361673,-7.65,-4.1,44.44
6.662219048,-7.65,-4.1,44.44
6.664230108,-7.44,-4.21,42.18
6.671161175,-7.44,-4.21,42.18
6.672158003,-7.22,-4.31,39.85
6.679139376,-7.22,-4.31,39.85
6.683290005,-7.22,-4.31,39.85
6.684126616,-7.02,-4.4,37.47
6.691150665,-7.02,-4.4,37.47
6.69210434,-6.84,-4.48,35.04
6.6980896,-6.84,-4.48,35.04
6.700083256,-6.84,-4.48,35.04
6.703077555,-6.64,-4.56,32.56
6.708106279,-6.64,-4.56,32.56
6.712081671,-6.64,-4.56,32.56
6.714055061,-6.43,-4.64,30.03
6.720031977,-6.43,-4.64,30.03
6.72417593,-6.18,-4.72,27.46
6.725017071,-6.18,-4.72,27.46
6.732154846,-6.18,-4.72,27.46
6.732995033,-5.9,-4.83,24.84
6.740973949,-5.9,-4.83,24.84
6.740973949,-5.57,-4.96,22.18
6.747958422,-5.57,-4.96,22.18
6.748952627,-5.57,-4.96,22.18
6.752944231,-5.18,-5.11,19.47
6.75710392,-5.18,-5.11,19.47
6.760920048,-5.18,-5.11,19.47
6.764910221,-4.74,-5.25,16.71
6.768952608,-4.74,-5.25,16.71
6.772929907,-4.74,-5.25,16.71
6.773885727,-4.27,-5.41,13.93
6.780867338,-4.27,-5.41,13.93
6.781865835,-3.78,-5.54,11.14
6.789843798,-3.78,-5.54,11.14
6.794177532,-3.78,-5.54,11.14
6.797822714,-3.29,-5.68,8.34
6.798870325,-3.29,-5.68,8.34
6.802810431,-2.81,-5.8,5.58
6.805957556,-2.81,-5.8,5.58
6.810788631,-2.81,-5.8,5.58
6.813779354,-2.32,-5.91,2.81
6.814776421,-2.32,-5.91,2.81
6.822869301,-2.32,-5.91,2.81
6.822869301,-1.84,-6,0.07
6.826920748,-1.84,-6,0.07
6.831731796,-1.84,-6,0.07
6.835722923,-1.38,-6.08,-2.66
6.839709759,-1.38,-6.08,-2.66
6.84369874,-0.92,-6.12,-5.36
6.847688913,-0.92,-6.12,-5.36
6.850683689,-0.92,-6.12,-5.36
6.855667353,-0.49,-6.16,-8.05
6.855667353,-0.49,-6.16,-8.05
6.859848261,-0.49,-6.16,-8.05
6.864643574,-0.08,-6.16,-10.72
6.867637873,-0.08,-6.16,-10.72
6.871796131,-0.08,-6.16,-10.72
6.87661314,0.3,-6.16,-13.33
6.879603624,0.3,-6.16,-13.33
6.884593487,0.67,-6.13,-15.91
6.887582541,0.67,-6.13,-15.91
6.891629457,0.67,-6.13,-15.91
6.895613194,1.02,-6.09,-18.45
6.900632858,1.02,-6.09,-18.45
6.904537201,1.33,-6.02,-20.93
6.905534506,1.33,-6.02,-20.93
6.90869832,1.33,-6.02,-20.93
6.914510727,1.63,-5.93,-23.37
6.916675568,1.63,-5.93,-23.37
6.920495272,1.63,-5.93,-23.37
6.924655676,1.89,-5.83,-25.78
6.928527594,1.89,-5.83,-25.78
6.933459282,2.16,-5.7,-28.17
6.937448502,2.16,-5.7,-28.17
6.941469669,2.16,-5.7,-28.17
6.945466757,2.41,-5.56,-30.52
6.949581385,2.41,-5.56,-30.52
6.953407526,2.41,-5.56,-30.52
6.954404116,2.65,-5.41,-32.83
6.958392382,2.65,-5.41,-32.83
6.964377403,2.65,-5.41,-32.83
6.96537447,2.87,-5.24,-35.08
6.969365597,2.87,-5.24,-35.08
6.974382639,3.08,-5.07,-37.26
6.977736473,3.08,-5.07,-37.26
6.981725693,3.08,-5.07,-37.26
6.985742331,3.28,-4.91,-39.37
6.990701914,3.28,-4.91,-39.37
6.994692564,3.48,-4.76,-41.41
6.998844624,3.48,-4.76,-41.41
6.99967742,3.48,-4.76,-41.41
7.003669024,3.68,-4.62,-43.43
7.007657528,3.68,-4.62,-43.43
7.014638186,3.68,-4.62,-43.43
7.015635967,3.91,-4.46,-45.33
7.018630743,3.91,-4.46,-45.33
7.022658348,3.91,-4.46,-45.33
7.027644634,4.16,-4.29,-47.13
7.031592846,4.16,-4.29,-47.13
7.035584927,4.42,-4.08,-48.83
7.039726734,4.42,-4.08,-48.83
7.043731689,4.42,-4.08,-48.83
7.047549963,4.7,-3.86,-50.4
7.048547745,4.7,-3.86,-50.4
7.052541494,4.98,-3.6,-52.1
7.056526184,4.98,-3.6,-52.1
7.05957222,4.98,-3.6,-52.1
7.063560009,5.32,-3.3,-53.53
7.068511486,5.32,-3.3,-53.53
7.072646856,5.32,-3.3,-53.53
7.073480606,5.76,-3,-54.92
7.080506325,5.76,-3,-54.92
7.084453583,5.76,-3,-54.92
7.085451603,6.22,-2.7,-56.26
7.092593431,6.22,-2.7,-56.26
7.093427181,6.7,-2.42,-57.49
7.097416878,6.7,-2.42,-57.49
7.101409435,6.7,-2.42,-57.49
7.105448723,7.14,-2.13,-58.64
7.109384537,7.14,-2.13,-58.64
7.109384537,7.14,-2.13,-58.64
7.1143713,7.54,-1.86,-59.65
7.118365765,7.54,-1.86,-59.65
7.122349977,7.54,-1.86,-59.65
7.126339912,7.87,-1.62,-60.56
7.129356861,7.87,-1.62,-60.56
7.134320498,8.14,-1.4,-61.39
7.13731122,8.14,-1.4,-61.39
7.142318249,8.14,-1.4,-61.39
7.148281574,8.39,-1.18,-62.16
7.150428772,8.39,-1.18,-62.16
7.154264927,8.6,-0.96,-63.2
7.158254147,8.6,-0.96,-63.2
7.158254147,8.6,-0.96,-63.2
7.164238453,8.81,-0.76,-63.89
7.167232275,8.81,-0.76,-63.89
7.170223713,8.81,-0.76,-63.89
7.17520833,8.99,-0.57,-64.53
7.178236723,8.99,-0.57,-64.53
7.183225155,9.14,-0.4,-65.14
7.187209606,9.14,-0.4,-65.14
7.191313028,9.14,-0.4,-65.14
7.195190191,9.28,-0.25,-65.72
7.199291468,9.28,-0.25,-65.72
7.203136683,9.28,-0.25,-65.72
7.204133511,9.44,-0.12,-66.23
7.208121061,9.44,-0.12,-66.23
7.214104652,9.44,-0.12,-66.23
7.216099501,9.58,-0.01,-66.78
7.220090151,9.58,-0.01,-66.78
7.22412014,9.73,0.09,-67.28
7.228071213,9.73,0.09,-67.28
7.232057095,9.73,0.09,-67.28
7.236048222,9.85,0.19,-67.73
7.240180016,9.85,0.19,-67.73
7.244198799,9.96,0.26,-68.12
7.248039246,9.96,0.26,-68.12
7.24901104,9.96,0.26,-68.12
7.253002644,10.06,0.33,-68.45
7.257008553,10.06,0.33,-68.45
7.26098752,10.06,0.33,-68.45
7.264969587,10.17,0.38,-68.7
7.268960476,10.17,0.38,-68.7
7.273099422,10.17,0.38,-68.7
7.277088881,10.28,0.44,-68.92
7.281923532,10.28,0.44,-68.92
7.281923532,10.39,0.48,-69.1
7.285915852,10.39,0.48,-69.1
7.289901972,10.39,0.48,-69.1
7.297880888,10.7,0.53,-69.31
7.298877954,10.7,0.53,-69.31
7.302870035,10.7,0.53,-69.31
7.305859566,10.94,0.57,-69.47
7.310007334,10.94,0.57,-69.47
7.313884497,10.94,0.57,-69.47
7.314835548,11.14,0.61,-69.56
7.318825483,11.14,0.61,-69.56
7.322814226,11.14,0.61,-69.56
7.326803684,11.3,0.65,-69.62
7.330792427,11.3,0.65,-69.62
7.335782766,11.32,0.64,-69.6
7.338858604,11.32,0.64,-69.6
7.342797041,11.33,0.63,-69.56
7.347747564,11.33,0.63,-69.56
7.350748539,11.33,0.63,-69.56
7.354728937,11.34,0.63,-69.54
7.35888195,11.34,0.63,-69.54
7.359715939,11.34,0.63,-69.54
7.364701986,11.33,0.62,-69.5
7.367697239,11.33,0.62,-69.5
7.371683359,11.33,0.62,-69.5
7.37567234,11.32,0.63,-69.46
7.381656885,11.32,0.63,-69.46
7.384649515,11.29,0.65,-69.4
7.387640953,11.29,0.65,-69.4
7.392629385,11.29,0.65,-69.4
7.397614717,11.27,0.66,-69.35
7.400609016,11.27,0.66,-69.35
7.403599977,11.27,0.66,-69.35
7.408584595,11.26,0.67,-69.43
7.412574053,11.26,0.67,-69.43
7.414568663,11.27,0.68,-69.39
7.417563915,11.27,0.68,-69.39
7.420554638,11.27,0.68,-69.39
7.424697876,11.27,0.69,-69.37
7.428569317,11.27,0.69,-69.37
7.432667017,11.27,0.69,-69.37
7.436534405,11.27,0.68,-69.31
7.440645695,11.27,0.68,-69.31
7.444489717,11.24,0.67,-69.24
7.449484348,11.24,0.67,-69.24
7.453466415,11.24,0.67,-69.24
7.454462767,11.19,0.67,-69.11
7.458451509,11.19,0.67,-69.11
7.464436054,11.19,0.67,-69.11
7.465433598,11.14,0.66,-69.01
7.469424486,11.14,0.66,-69.01
7.47341156,11.11,0.65,-68.91
7.477578163,11.11,0.65,-68.91
7.481390715,11.11,0.65,-68.91
7.485422373,11.08,0.64,-68.82
7.49042654,11.08,0.64,-68.82
7.494452477,11.06,0.63,-68.73
7.49834466,11.06,0.63,-68.73
7.502336264,11.06,0.63,-68.73
7.503333807,11.03,0.62,-68.62
7.507322073,11.03,0.62,-68.62
7.511310577,11.03,0.62,-68.62
7.515299559,10.99,0.61,-68.51
7.51829648,10.99,0.61,-68.51
7.523278236,10.99,0.61,-68.51
7.527315855,10.94,0.62,-68.39
7.531256676,10.94,0.62,-68.39
7.53525424,10.89,0.64,-68.26
7.539591789,10.89,0.64,-68.26
7.543389797,10.89,0.64,-68.26
7.547215223,10.83,0.67,-68.11
7.551207304,10.83,0.67,-68.11
7.552204847,10.83,0.67,-68.11
7.556190014,10.8,0.7,-67.88
7.56021595,10.8,0.7,-67.88
7.564240456,10.8,0.7,-67.88
7.56819725,10.77,0.73,-67.71
7.572207689,10.77,0.73,-67.71
7.57318306,10.74,0.77,-67.54
7.576349258,10.74,0.77,-67.54
7.584205627,10.74,0.77,-67.54
7.585178614,10.66,0.8,-67.32
7.592290878,10.66,0.8,-67.32
7.593129873,10.57,0.82,-67.06
7.598116398,10.57,0.82,-67.06
7.601108551,10.57,0.82,-67.06
7.604126692,10.46,0.83,-66.78
7.609208107,10.46,0.83,-66.78
7.613106728,10.46,0.83,-66.78
7.615071058,10.36,0.84,-66.49
7.618066311,10.36,0.84,-66.49
7.622052908,10.36,0.84,-66.49
7.626042128,10.28,0.84,-66.18
7.631028891,10.28,0.84,-66.18
7.63402009,10.19,0.84,-65.85
7.638035774,10.19,0.84,-65.85
7.641999483,10.19,0.84,-65.85
7.647985458,10.12,0.84,-65.52
7.649979115,10.12,0.84,-65.52
7.653991699,10.03,0.82,-65.18
7.6579566,10.03,0.82,-65.18
7.662375212,10.03,0.82,-65.18
7.664337635,9.93,0.77,-64.81
7.667329311,9.93,0.77,-64.81
7.671319008,9.93,0.77,-64.81
7.675307512,9.82,0.7,-64.42
7.681292295,9.82,0.7,-64.42
7.683287382,9.82,0.7,-64.42
7.68727684,9.69,0.63,-64.02
7.690427303,9.69,0.63,-64.02
7.697643757,9.56,0.57,-63.58
7.69860816,9.56,0.57,-63.58
7.702600718,9.56,0.57,-63.58
7.707739353,9.42,0.52,-63.06
7.70858264,9.42,0.52,-63.06
7.714565992,9.42,0.52,-63.06
7.715563774,9.25,0.5,-62.49
7.719554424,9.25,0.5,-62.49
7.723689795,9.25,0.5,-62.49
7.727563143,9.06,0.48,-61.86
7.731520653,9.06,0.48,-61.86
7.735512495,8.85,0.47,-61.13
7.73964715,8.85,0.47,-61.13
7.744613647,8.85,0.47,-61.13
7.747662544,8.64,0.44,-60.32
7.751654387,8.64,0.44,-60.32
7.752652884,8.43,0.41,-59.33
7.7567029,8.43,0.41,-59.33
7.760792971,8.43,0.41,-59.33
7.764618158,8.22,0.33,-58.3
7.768610477,8.22,0.33,-58.3
7.772631168,8.22,0.33,-58.3
7.776586294,8,0.25,-57.1
7.780608177,8,0.25,-57.1
7.784566164,8,0.25,-57.1
7.788553476,7.76,0.12,-55.73
7.793588638,7.76,0.12,-55.73
7.793588638,7.55,-0.04,-54.2
7.798526525,7.55,-0.04,-54.2
7.802519083,7.55,-0.04,-54.2
7.805680275,7.32,-0.22,-52.53
7.809682131,7.32,-0.22,-52.53
7.813536167,7.32,-0.22,-52.53
7.814484119,7.08,-0.44,-50.7
7.818477869,7.08,-0.44,-50.7
7.822466135,7.08,-0.44,-50.7
7.826452017,6.82,-0.66,-48.74
7.831439257,6.82,-0.66,-48.74
7.834433317,6.53,-0.91,-46.66
7.838420391,6.53,-0.91,-46.66
7.842409372,6.53,-0.91,-46.66
7.847705841,6.24,-1.17,-44.49
7.851699829,6.24,-1.17,-44.49
7.854687452,5.94,-1.43,-42.2
7.858837605,5.94,-1.43,-42.2
7.859674454,5.94,-1.43,-42.2
7.86466074,5.64,-1.7,-39.84
7.867655039,5.64,-1.7,-39.84
7.871642113,5.64,-1.7,-39.84
7.875630856,5.34,-1.95,-37.41
7.880618572,5.34,-1.95,-37.41
7.883613348,5.05,-2.21,-34.91
7.887599707,5.05,-2.21,-34.91
7.89174366,5.05,-2.21,-34.91
7.898570776,4.77,-2.44,-32.35
7.899567842,4.77,-2.44,-32.35
7.903590441,4.77,-2.44,-32.35
7.907693863,4.51,-2.66,-29.75
7.908543587,4.51,-2.66,-29.75
7.914527655,4.51,-2.66,-29.75
7.916521788,4.24,-2.86,-27.1
7.920513153,4.24,-2.86,-27.1
7.924558163,3.98,-3.06,-24.41
7.931482792,3.98,-3.06,-24.41
7.933476686,3.98,-3.06,-24.41
7.93746829,3.72,-3.26,-21.68
7.940607071,3.72,-3.26,-21.68
7.947481632,3.45,-3.47,-18.89
7.948436499,3.45,-3.47,-18.89
7.952428818,3.45,-3.47,-18.89
7.957427263,3.15,-3.68,-16.04
7.957427263,3.15,-3.68,-16.04
7.964394331,3.15,-3.68,-16.04
7.965391397,2.8,-3.87,-13.16
7.969382763,2.8,-3.87,-13.16
7.973430157,2.8,-3.87,-13.16
7.978360176,2.42,-4.08,-10.24
7.981348276,2.42,-4.08,-10.24
7.9863379,1.97,-4.3,-7.27
7.989456892,1.97,-4.3,-7.27
7.99736762,1.42,-4.51,-4.28
7.998302937,1.42,-4.51,-4.28
8.002296686,1.42,-4.51,-4.28
8.006453514,0.79,-4.7,-1.24
8.007279158,0.79,-4.7,-1.24
8.011270046,0.79,-4.7,-1.24
8.015258312,0.08,-4.89,1.84
8.018252611,0.08,-4.89,1.84
8.022395134,0.08,-4.89,1.84
8.026361227,-0.68,-5.09,4.92
8.030218363,-0.68,-5.09,4.92
8.035208464,-0.68,-5.09,4.92
8.03926301,-1.47,-5.29,8
8.043349504,-1.47,-5.29,8
8.047214746,-2.28,-5.44,11.07
8.04817009,-2.28,-5.44,11.07
8.052165508,-2.28,-5.44,11.07
8.056149006,-3.09,-5.56,14.12
8.060328007,-3.09,-5.56,14.12
8.063344717,-3.09,-5.56,14.12
8.0674541,-3.88,-5.64,17.14
8.071298361,-3.88,-5.64,17.14
8.075306654,-4.64,-5.66,20.12
8.079276562,-4.64,-5.66,20.12
8.084316254,-4.64,-5.66,20.12
8.088253736,-5.37,-5.63,23.07
8.09239912,-5.37,-5.63,23.07
8.096230984,-6.08,-5.57,25.98
8.098227262,-6.08,-5.57,25.98
8.101219177,-6.08,-5.57,25.98
8.10520792,-6.76,-5.45,28.87
8.10919714,-6.76,-5.45,28.87
8.112191916,-6.76,-5.45,28.87
8.117175817,-7.42,-5.31,31.72
8.12116456,-7.42,-5.31,31.72
8.125188828,-7.42,-5.31,31.72
8.129173994,-8.07,-5.14,34.55
8.133286238,-8.07,-5.14,34.55
8.137122393,-8.68,-4.95,37.36
8.141251087,-8.68,-4.95,37.36
8.14510107,-8.68,-4.95,37.36
8.149090528,-9.24,-4.72,40.1
8.150087833,-9.24,-4.72,40.1
8.15407753,-9.75,-4.48,42.77
8.158097506,-9.75,-4.48,42.77
8.162061453,-9.75,-4.48,42.77
8.166045427,-10.18,-4.22,45.35
8.170035124,-10.18,-4.22,45.35
8.174028397,-10.18,-4.22,45.35
8.178031921,-10.53,-3.96,47.81
8.182003498,-10.53,-3.96,47.81
8.185992479,-10.79,-3.73,50.16
8.190015316,-10.79,-3.73,50.16
8.19413352,-10.79,-3.73,50.16
8.198957682,-11.02,-3.54,52.44
8.202978373,-11.02,-3.54,52.44
8.206935406,-11.22,-3.4,54.65
8.207932711,-11.22,-3.4,54.65
8.214916945,-11.22,-3.4,54.65
8.215912342,-11.39,-3.27,56.76
8.218931913,-11.39,-3.27,56.76
8.223890305,-11.39,-3.27,56.76
8.232251167,-11.52,-3.14,58.75
8.232251167,-11.52,-3.14,58.75
8.236241817,-11.64,-2.99,60.65
8.239375114,-11.64,-2.99,60.65
8.244412661,-11.64,-2.99,60.65
8.248402834,-11.75,-2.83,62.46
8.251421452,-11.75,-2.83,62.46
8.25638175,-11.89,-2.66,64.26
8.260558128,-11.89,-2.66,64.26
8.261367083,-11.89,-2.66,64.26
8.265356541,-12.05,-2.51,65.96
8.269347668,-12.05,-2.51,65.96
8.273335934,-12.05,-2.51,65.96
8.277325153,-12.26,-2.35,67.6
8.281340837,-12.26,-2.35,67.6
8.286303997,-12.44,-2.16,69.13
8.289293289,-12.44,-2.16,69.13
8.293281794,-12.44,-2.16,69.13
8.298269033,-12.6,-1.94,70.54
8.302264214,-12.6,-1.94,70.54
8.305250645,-12.75,-1.72,71.93
8.309410334,-12.75,-1.72,71.93
8.313282251,-12.75,-1.72,71.93
8.315223455,-12.86,-1.51,73.06
8.318217993,-12.86,-1.51,73.06
8.322204828,-12.86,-1.51,73.06
8.326194048,-12.97,-1.33,74.08
8.331181526,-12.97,-1.33,74.08
8.335170984,-13.1,-1.15,75.02
8.338161945,-13.1,-1.15,75.02
8.346180201,-13.1,-1.15,75.02
8.34813571,-13.23,-0.97,75.87
8.35112834,-13.23,-0.97,75.87
8.355116606,-13.23,-0.97,75.87
8.358265877,-13.37,-0.78,76.72
8.362133026,-13.37,-0.78,76.72
8.366241932,-13.5,-0.59,77.42
8.367084503,-13.5,-0.59,77.42
8.375205517,-13.5,-0.59,77.42
8.375205517,-13.63,-0.4,78.04
8.3831985,-13.63,-0.4,78.04
8.384038925,-13.73,-0.21,78.56
8.388029814,-13.73,-0.21,78.56
8.395011902,-13.73,-0.21,78.56
8.399001122,-13.82,-0.05,79.03
8.399996996,-13.82,-0.05,79.03
8.4039886,-13.82,-0.05,79.03
8.407975197,-13.92,0.11,79.45
8.411968231,-13.92,0.11,79.45
8.416083097,-13.92,0.11,79.45
8.419945717,-14.03,0.25,79.86
8.423937798,-14.03,0.25,79.86
8.428220749,-14.13,0.37,80.25
8.431396246,-14.13,0.37,80.25
8.436383486,-14.22,0.49,80.61
8.440524578,-14.22,0.49,80.61
8.44453311,-14.22,0.49,80.61
8.448365688,-14.29,0.58,80.92
8.449346304,-14.29,0.58,80.92
8.453337431,-14.29,0.58,80.92
8.457325697,-14.34,0.66,81.21
8.461314678,-14.34,0.66,81.21
8.465304136,-14.34,0.66,81.21
8.46929574,-14.35,0.72,81.44
8.473282576,-14.35,0.72,81.44
8.477295637,-14.35,0.79,81.65
8.48126173,-14.35,0.79,81.65
8.485252619,-14.35,0.79,81.65
8.489305496,-14.38,0.94,81.84
8.493233204,-14.38,0.94,81.84
8.497219324,-14.37,0.99,81.98
8.498216867,-14.37,0.99,81.98
8.503204823,-14.37,0.99,81.98
8.506241083,-14.35,1.04,82.12
8.510359049,-14.35,1.04,82.12
8.514206171,-14.35,1.04,82.12
8.518184423,-14.33,1.07,82.21
8.522151232,-14.33,1.07,82.21
8.52631855,-14.33,1.07,82.21
8.530507803,-14.32,1.1,82.29
8.53452158,-14.32,1.1,82.29
8.538486242,-14.32,1.15,82.35
8.542624474,-14.32,1.15,82.35
8.546492815,-14.31,1.18,82.36
8.550599575,-14.31,1.18,82.36
8.551454067,-14.31,1.18,82.36
8.555440903,-14.31,1.28,82.38
8.559483051,-14.31,1.28,82.38
8.563420296,-14.31,1.28,82.38
8.567554474,-14.29,1.36,82.35
8.571398258,-14.29,1.36,82.35
8.575535536,-14.29,1.36,82.35
8.579408407,-14.28,1.45,82.3
8.583511353,-14.28,1.45,82.3
8.587379217,-14.27,1.53,82.23
8.58835268,-14.27,1.53,82.23
8.595336914,-14.27,1.53,82.23
8.59832716,-14.25,1.59,82.15
8.601317883,-14.25,1.59,82.15
8.605308294,-14.25,1.59,82.15
8.608299732,-14.25,1.65,82.15
8.612323761,-14.25,1.65,82.15
8.616431952,-14.23,1.67,82.05
8.620269299,-14.23,1.67,82.05
8.621266127,-14.23,1.67,82.05
8.625254154,-14.18,1.69,81.94
8.632236242,-14.18,1.69,81.94
8.63323307,-14.18,1.69,81.94
8.637223959,-14.18,1.67,81.84
8.641294956,-14.18,1.67,81.84
8.649190426,-14.18,1.66,81.73
8.650189161,-14.18,1.66,81.73
8.653209686,-14.18,1.66,81.73
8.657235146,-14.2,1.65,81.58
8.661316156,-14.2,1.65,81.58
8.665147543,-14.2,1.65,81.58
8.666144848,-14.2,1.64,81.49
8.67013669,-14.2,1.64,81.49
8.674202919,-14.2,1.64,81.49
8.682101965,-14.21,1.63,81.37
8.682101965,-14.21,1.63,81.37
8.687089682,-14.18,1.65,81.25
8.690236807,-14.18,1.65,81.25
8.695068836,-14.18,1.65,81.25
8.699056625,-14.16,1.66,81.13
8.702054262,-14.16,1.66,81.13
8.706202507,-14.16,1.66,81.13
8.711044788,-14.12,1.64,81.02
8.712024927,-14.12,1.64,81.02
8.715014696,-14.1,1.64,80.89
8.720003366,-14.1,1.64,80.89
8.723160744,-14.1,1.64,80.89
8.727188587,-14.07,1.62,80.75
8.732007265,-14.07,1.62,80.75
8.736030579,-14.05,1.6,80.61
8.739137173,-14.05,1.6,80.61
8.743999004,-14.05,1.6,80.61
8.746991873,-14.03,1.59,80.46
8.751954556,-14.03,1.59,80.46
8.756045341,-14.03,1.59,80.46
8.756045341,-14.01,1.58,80.29
8.760929823,-14.01,1.58,80.29
8.764919519,-14.01,1.58,80.29
8.768909693,-14,1.55,80.13
8.771900415,-14,1.55,80.13
8.776887178,-13.97,1.52,79.94
8.779904127,-13.97,1.52,79.94
8.785042763,-13.97,1.52,79.94
8.789035559,-13.93,1.47,79.7
8.792186022,-13.93,1.47,79.7
8.798053741,-13.87,1.42,79.43
8.80110383,-13.87,1.42,79.43
8.804993153,-13.87,1.42,79.43
8.809202671,-13.82,1.37,79.18
8.809202671,-13.82,1.37,79.18
8.815189838,-13.82,1.37,79.18
8.817348719,-13.76,1.32,78.85
8.821234226,-13.76,1.32,78.85
8.82531929,-13.68,1.28,78.45
8.829203844,-13.68,1.28,78.45
8.833298922,-13.68,1.28,78.45
8.838129759,-13.56,1.23,77.96
8.841285944,-13.56,1.23,77.96
8.848143816,-13.42,1.18,77.35
8.850229263,-13.42,1.18,77.35
8.854086637,-13.42,1.18,77.35
8.858233452,-13.25,1.1,76.65
8.859072208,-13.25,1.1,76.65
8.865055561,-13.25,1.1,76.65
8.867050409,-13.08,0.97,75.86
8.870072365,-13.08,0.97,75.86
8.875029564,-13.08,0.97,75.86
8.88201046,-12.87,0.82,74.96
8.883007765,-12.87,0.82,74.96
8.88699913,-12.63,0.65,73.94
8.891143322,-12.63,0.65,73.94
8.897967577,-12.63,0.65,73.94
8.89896512,-12.36,0.45,72.81
8.902957201,-12.36,0.45,72.81
8.907105684,-12.36,0.45,72.81
8.911088943,-12.06,0.24,71.57
8.914922476,-12.06,0.24,71.57
8.915920258,-11.73,0.02,70.21
8.919913054,-11.73,0.02,70.21
8.923940182,-11.73,0.02,70.21
8.930922031,-11.37,-0.21,68.73
8.931876898,-11.37,-0.21,68.73
8.936866045,-11,-0.43,67.16
8.939957142,-11,-0.43,67.16
8.94402194,-11,-0.43,67.16
8.948831797,-10.62,-0.64,65.49
8.951827049,-10.62,-0.64,65.49
8.955917597,-10.62,-0.64,65.49
8.960887671,-10.23,-0.87,63.7
8.964791298,-10.23,-0.87,63.7
8.965786695,-10.23,-0.87,63.7
8.969778299,-9.86,-1.11,61.87
8.973764658,-9.86,-1.11,61.87
8.978119135,-9.48,-1.37,59.98
8.981111288,-9.48,-1.37,59.98
8.986292839,-9.09,-1.62,58.04
8.989446163,-9.09,-1.62,58.04
8.99343586,-9.09,-1.62,58.04
8.998258352,-8.72,-1.88,56.05
9.002250671,-8.72,-1.88,56.05
9.005240679,-8.72,-1.88,56.05
9.009396791,-8.34,-2.13,54.02
9.013246775,-8.34,-2.13,54.02
9.015213013,-8.34,-2.13,54.02
9.019206524,-7.94,-2.37,51.94
9.022194147,-7.94,-2.37,51.94
9.026347637,-7.54,-2.61,49.81
9.032167673,-7.54,-2.61,49.81
9.035160065,-7.54,-2.61,49.81
9.039149284,-7.14,-2.84,47.64
9.043358564,-7.14,-2.84,47.64
9.048377514,-6.74,-3.05,45.45
9.051337004,-6.74,-3.05,45.45
9.055326462,-6.74,-3.05,45.45
9.058533669,-6.36,-3.23,43.25
9.062530279,-6.36,-3.23,43.25
9.066666365,-6.36,-3.23,43.25
9.067509651,-6,-3.39,41.05
9.07555747,-6,-3.39,41.05
9.07555747,-5.66,-3.54,38.83
9.083623648,-5.66,-3.54,38.83
9.08749795,-5.66,-3.54,38.83
9.088452578,-5.34,-3.68,36.59
9.095436096,-5.34,-3.68,36.59
9.09842658,-5.02,-3.79,34.34
9.100421429,-5.02,-3.79,34.34
9.104410887,-5.02,-3.79,34.34
9.107422352,-4.7,-3.9,32.04
9.112395048,-4.7,-3.9,32.04
9.116379499,-4.7,-3.9,32.04
9.116379499,-4.4,-4,29.73
9.1243577,-4.4,-4,29.73
9.125355244,-4.09,-4.09,27.41
9.13233757,-4.09,-4.09,27.41
9.13632822,-4.09,-4.09,27.41
9.137324572,-3.79,-4.18,25.06
9.144464016,-3.79,-4.18,25.06
9.148293495,-3.49,-4.28,22.7
9.149290323,-3.49,-4.28,22.7
9.153283596,-3.49,-4.28,22.7
9.157418013,-3.19,-4.38,20.33
9.161417723,-3.19,-4.38,20.33
9.165248632,-3.19,-4.38,20.33
9.166245222,-2.91,-4.51,17.95
9.173388243,-2.91,-4.51,17.95
9.177301645,-2.91,-4.51,17.95
9.178213358,-2.64,-4.64,15.58
9.185197115,-2.64,-4.64,15.58
9.186195612,-2.39,-4.77,13.21
9.190181255,-2.39,-4.77,13.21
9.19816041,-2.39,-4.77,13.21
9.199157476,-2.13,-4.89,10.84
9.203147888,-2.13,-4.89,10.84
9.206138849,-1.88,-5.01,8.48
9.210132122,-1.88,-5.01,8.48
9.214117765,-1.88,-5.01,8.48
9.215114832,-1.64,-5.12,6.11
9.219109535,-1.64,-5.12,6.11
9.22309351,-1.64,-5.12,6.11
9.22711134,-1.39,-5.23,3.75
9.232069731,-1.39,-5.23,3.75
9.236067057,-1.39,-5.23,3.75
9.239051104,-1.15,-5.33,1.4
9.243196249,-1.15,-5.33,1.4
9.249024153,-0.91,-5.41,-0.95
9.251175642,-0.91,-5.41,-0.95
9.25500989,-0.91,-5.41,-0.95
9.256005287,-0.68,-5.51,-3.28
9.259994268,-0.68,-5.51,-3.28
9.26498127,-0.68,-5.51,-3.28
9.268020868,-0.46,-5.6,-5.6
9.272006273,-0.46,-5.6,-5.6
9.276130676,-0.46,-5.6,-5.6
9.279985189,-0.23,-5.68,-7.93
9.283974171,-0.23,-5.68,-7.93
9.287963867,0,-5.76,-10.26
9.291952133,0,-5.76,-10.26
9.295901775,0,-5.76,-10.26
9.300885677,0.26,-5.81,-12.62
9.300885677,0.26,-5.81,-12.62
9.304874659,0.26,-5.81,-12.62
9.308868408,0.55,-5.86,-14.98
9.31584549,0.55,-5.86,-14.98
9.316843271,0.83,-5.9,-17.34
9.320833921,0.83,-5.9,-17.34
9.324969769,0.83,-5.9,-17.34
9.328812361,1.14,-5.93,-19.7
9.332946777,1.14,-5.93,-19.7
9.336813688,1.14,-5.93,-19.7
9.341936588,1.48,-5.96,-22.08
9.345769882,1.48,-5.96,-22.08
9.349779367,1.86,-5.97,-24.49
9.350751877,1.86,-5.97,-24.49
9.354742527,1.86,-5.97,-24.49
9.358730316,2.32,-5.98,-26.93
9.361980677,2.32,-5.98,-26.93
9.365970612,2.32,-5.98,-26.93
9.369961977,2.86,-5.95,-29.42
9.373948812,2.86,-5.95,-29.42
9.378107548,3.45,-5.9,-31.92
9.381927729,3.45,-5.9,-31.92
9.385918617,3.45,-5.9,-31.92
9.390062571,4.08,-5.81,-34.38
9.394965887,4.08,-5.81,-34.38
9.398882627,4.69,-5.69,-36.8
9.398882627,4.69,-5.69,-36.8
9.403868914,4.69,-5.69,-36.8
9.40688467,5.25,-5.53,-39.11
9.410849333,5.25,-5.53,-39.11
9.414839506,5.25,-5.53,-39.11
9.418832541,5.72,-5.33,-41.31
9.419829369,5.72,-5.33,-41.31
9.426861286,5.72,-5.33,-41.31
9.42780447,6.13,-5.09,-43.37
9.435786724,6.13,-5.09,-43.37
9.436782598,6.48,-4.79,-45.31
9.439943075,6.48,-4.79,-45.31
9.447785854,6.48,-4.79,-45.31
9.44876194,6.75,-4.45,-47.12
9.452743053,6.75,-4.45,-47.12
9.456726789,6.75,-4.45,-47.12
9.460749388,6.98,-4.08,-48.9
9.463747025,6.98,-4.08,-48.9
9.468697309,7.17,-3.71,-50.51
9.469696283,7.17,-3.71,-50.51
9.476863384,7.17,-3.71,-50.51
9.477671146,7.33,-3.36,-52.04
9.48166132,7.33,-3.36,-52.04
9.485650539,7.33,-3.36,-52.04
9.489639759,7.46,-3,-53.52
9.493628025,7.46,-3,-53.52
9.498616219,7.6,-2.69,-54.94
9.501606703,7.6,-2.69,-54.94
9.50460124,7.6,-2.69,-54.94
9.509783268,7.75,-2.41,-56.32
9.51362896,7.75,-2.41,-56.32
9.514630318,7.75,-2.41,-56.32
9.518564939,7.89,-2.14,-57.62
9.521555185,7.89,-2.14,-57.62
9.525567293,7.89,-2.14,-57.62
9.529892921,8.02,-1.87,-58.84
9.534012556,8.02,-1.87,-58.84
9.537864923,8.16,-1.61,-59.98
9.542013168,8.16,-1.61,-59.98
9.545845985,8.16,-1.61,-59.98
9.549914837,8.29,-1.36,-61.04
9.553799152,8.29,-1.36,-61.04
9.558916807,8.45,-1.14,-62.12
9.558916807,8.45,-1.14,-62.12
9.565765619,8.45,-1.14,-62.12
9.566762447,8.59,-0.93,-63.02
9.5707798,8.59,-0.93,-63.02
9.574913025,8.59,-0.93,-63.02
9.578739882,8.95,-0.67,-63.95
9.582719564,8.95,-0.67,-63.95
9.586711407,8.95,-0.67,-63.95
9.59181881,9.35,-0.42,-64.82
9.594852448,9.35,-0.42,-64.82
9.599776506,9.79,-0.19,-65.62
9.603689671,9.79,-0.19,-65.62
9.604661703,9.79,-0.19,-65.62
9.608650208,10.25,0.05,-66.34
9.615631104,10.25,0.05,-66.34
9.615631104,10.25,0.05,-66.34
9.619623184,10.41,0.22,-66.85
9.623664379,10.41,0.22,-66.85
9.6286273,10.41,0.22,-66.85
9.632586241,10.56,0.36,-67.29
9.63657999,10.56,0.36,-67.29
9.63757515,10.72,0.45,-67.67
9.64471817,10.72,0.45,-67.67
9.648544312,10.72,0.45,-67.67
9.649541855,10.85,0.53,-68
9.653544664,10.85,0.53,-68
9.657519341,10.85,0.53,-68
9.660687685,10.99,0.6,-68.56
9.664501667,10.99,0.6,-68.56
9.66853404,10.99,0.6,-68.56
9.669488192,11.12,0.64,-68.83
9.677648306,11.12,0.64,-68.83
9.677648306,11.26,0.69,-69.07
9.685447693,11.26,0.69,-69.07
9.686444759,11.38,0.74,-69.28
9.690432072,11.38,0.74,-69.28
9.694420815,11.38,0.74,-69.28
9.698410988,11.5,0.76,-69.45
9.702403545,11.5,0.76,-69.45
9.70638895,11.5,0.76,-69.45
9.710562468,11.59,0.78,-69.61
9.71436739,11.59,0.78,-69.61
9.71844101,11.59,0.78,-69.61
9.719361305,11.66,0.78,-69.7
9.726526976,11.66,0.78,-69.7
9.727333069,11.7,0.77,-69.76
9.734314442,11.7,0.77,-69.76
9.738331556,11.7,0.77,-69.76
9.739300489,11.73,0.75,-69.8
9.746316433,11.73,0.75,-69.8
9.748276711,11.75,0.72,-69.83
9.752267122,11.75,0.72,-69.83
9.755302668,11.75,0.72,-69.83
9.759410143,11.79,0.71,-70.05
9.763268948,11.79,0.71,-70.05
9.767231226,11.79,0.71,-70.05
9.771247149,11.82,0.69,-70.07
9.775358677,11.82,0.69,-70.07
9.776201963,11.85,0.67,-70.07
9.783333778,11.85,0.67,-70.07
9.788171768,11.85,0.67,-70.07
9.792422771,11.84,0.65,-70.04
9.796190739,11.84,0.65,-70.04
9.799141169,11.87,0.64,-70.02
9.801135063,11.87,0.64,-70.02
9.805126667,11.87,0.64,-70.02
9.80911684,11.89,0.63,-69.96
9.812107801,11.89,0.63,-69.96
9.816095829,11.89,0.63,-69.96
9.820088148,11.89,0.61,-69.91
9.822081327,11.89,0.61,-69.91
9.825071335,11.89,0.61,-69.91
9.832052946,11.89,0.59,-69.85
9.833050728,11.89,0.59,-69.85
9.838037014,11.89,0.59,-69.78
9.841187954,11.89,0.59,-69.78
9.84900713,11.89,0.59,-69.78
9.850004435,11.88,0.58,-69.72
9.853996277,11.88,0.58,-69.72
9.857156992,11.88,0.58,-69.72
9.861973763,11.87,0.58,-69.54
9.865962267,11.87,0.58,-69.54
9.865962267,11.87,0.58,-69.54
9.869954824,11.83,0.58,-69.43
9.873984814,11.83,0.58,-69.43
9.881919384,11.8,0.58,-69.3
9.882976294,11.8,0.58,-69.3
9.88690877,11.8,0.58,-69.3
9.890895844,11.78,0.6,-69.18
9.894066095,11.78,0.6,-69.18
9.898873806,11.77,0.62,-69.08
9.902867079,11.77,0.62,-69.08
9.90696311,11.77,0.62,-69.08
9.910997868,11.76,0.63,-69.06
9.911839247,11.76,0.63,-69.06
9.915830851,11.76,0.63,-69.06
9.919819832,11.74,0.64,-68.94
9.92285347,11.74,0.64,-68.94
9.926819563,11.74,0.64,-68.94
9.930827856,11.71,0.65,-68.82
9.934928179,11.71,0.65,-68.82
9.938769579,11.68,0.65,-68.67
9.943925858,11.68,0.65,-68.67
9.947786331,11.62,0.65,-68.53
9.951735258,11.62,0.65,-68.53
9.955724001,11.62,0.65,-68.53
9.959873676,11.57,0.66,-68.39
9.960709095,11.57,0.66,-68.39
9.965696335,11.57,0.66,-68.39
9.968690395,11.54,0.67,-68.23
9.971681356,11.54,0.67,-68.23
9.975688934,11.54,0.67,-68.23
9.979663849,11.52,0.68,-68.09
9.984773397,11.52,0.68,-68.09
9.988677979,11.52,0.68,-67.94
9.992801905,11.52,0.68,-67.94
9.996657133,11.52,0.68,-67.94
10.00075579,11.51,0.66,-67.78
10.00160003,11.51,0.66,-67.78
10.00558853,11.51,0.66,-67.78
10.00957799,11.5,0.64,-67.61
10.01556253,11.5,0.64,-67.61
10.0175662,11.5,0.64,-67.61
10.02154613,11.47,0.61,-67.39
10.02553582,11.47,0.61,-67.39
10.02953196,11.44,0.58,-67.13
10.03364801,11.44,0.58,-67.13
10.03750515,11.44,0.58,-67.13
10.04167295,11.41,0.55,-66.85
10.04548311,11.41,0.55,-66.85
10.04947162,11.34,0.5,-66.5
10.05346346,11.34,0.5,-66.5
10.05545712,11.34,0.5,-66.5
10.05861735,11.26,0.47,-66.09
10.06542873,11.26,0.47,-66.09
10.0664258,11.26,0.47,-66.09
10.07041717,11.16,0.45,-65.6
10.07456565,11.16,0.45,-65.6
10.07856679,11.16,0.45,-65.6
10.08238339,11.03,0.42,-65
10.08637571,11.03,0.42,-65
10.09051633,10.9,0.4,-64.28
10.09537458,10.9,0.4,-64.28
10.09933949,10.78,0.37,-63.44
10.10333037,10.78,0.37,-63.44
10.1043272,10.78,0.37,-63.44
10.10747552,10.66,0.34,-62.53
10.1123035,10.66,0.34,-62.53
10.11529541,10.66,0.34,-62.53
10.11929035,10.54,0.27,-61.4
10.12327456,10.54,0.27,-61.4
10.12726378,10.54,0.27,-61.4
10.13225079,10.42,0.2,-60.13
10.13624668,10.42,0.2,-60.13
10.14038849,10.29,0.11,-58.73
10.14439273,10.29,0.11,-58.73
10.1482501,10.29,0.11,-58.73
10.15219927,10.17,0,-57.17
10.15319753,10.17,0,-57.17
10.15718412,10.05,-0.14,-55.45
10.16117334,10.05,-0.14,-55.45
10.16516256,10.05,-0.14,-55.45
10.16817999,9.92,-0.31,-53.59
10.17316508,9.92,-0.31,-53.59
10.17726946,9.92,-0.31,-53.59
10.18114638,9.77,-0.51,-51.59
10.18526149,9.77,-0.51,-51.59
10.18909883,9.61,-0.73,-49.49
10.19323301,9.61,-0.73,-49.49
10.1971035,9.61,-0.73,-49.49
10.20121598,9.46,-0.97,-47.3
10.2030654,9.46,-0.97,-47.3
10.20605302,9.46,-0.97,-47.3
10.21008086,9.28,-1.25,-44.99
10.21406579,9.28,-1.25,-44.99
10.21817017,9.28,-1.25,-44.99
10.22205782,9.08,-1.53,-42.58
10.22617173,9.08,-1.53,-42.58
10.22699666,8.85,-1.81,-40.06
10.23298049,8.85,-1.81,-40.06
10.2379694,8.85,-1.81,-40.06
10.23896551,8.57,-2.11,-37.43
10.24595094,8.57,-2.11,-37.43
10.2489388,8.25,-2.42,-34.7
10.25105143,8.25,-2.42,-34.7
10.25495148,8.25,-2.42,-34.7
10.25906396,7.91,-2.75,-31.92
10.26294136,7.91,-2.75,-31.92
10.26704073,7.91,-2.75,-31.92
10.26788783,7.58,-3.08,-29.11
10.27187657,7.58,-3.08,-29.11
10.27586532,7.58,-3.08,-29.11
10.28185034,7.22,-3.42,-26.25
10.28384542,7.22,-3.42,-26.25
10.28783679,6.86,-3.76,-23.35
10.29182315,6.86,-3.76,-23.35
10.298805,6.86,-3.76,-23.35
10.30079961,6.45,-4.08,-20.39
10.30479169,6.45,-4.08,-20.39
10.30781627,6.45,-4.08,-20.39
10.31193686,6.02,-4.4,-17.39
10.31575942,6.02,-4.4,-17.39
10.3167913,5.55,-4.67,-14.35
10.32074881,5.55,-4.67,-14.35
10.32473564,5.55,-4.67,-14.35
10.33200669,5.08,-4.92,-11.3
10.33300376,5.08,-4.92,-11.3
10.33699608,5.08,-4.92,-11.3
10.34112954,4.59,-5.15,-8.22
10.34511876,4.59,-5.15,-8.22
10.34896111,4.08,-5.35,-5.12
10.35295272,4.08,-5.35,-5.12
10.35693932,4.08,-5.35,-5.12
10.36195159,3.52,-5.54,-1.99
10.36591601,3.52,-5.54,-1.99
10.36591601,3.52,-5.54,-1.99
10.36990786,2.94,-5.72,1.17
10.37394428,2.94,-5.72,1.17
10.37807178,2.94,-5.72,1.17
10.38187289,2.32,-5.87,4.35
10.38586545,2.32,-5.87,4.35
10.39001989,1.68,-5.99,7.53
10.39402461,1.68,-5.99,7.53
10.39787984,1.68,-5.99,7.53
10.40198231,1.05,-6.08,10.7
10.40580893,1.05,-6.08,10.7
10.40680575,1.05,-6.08,10.7
10.41085887,0.42,-6.12,13.83
10.41578174,0.42,-6.12,13.83
10.41877484,-0.17,-6.15,16.9
10.42276382,-0.17,-6.15,16.9
10.42692018,-0.17,-6.15,16.9
10.43076897,-0.77,-6.17,19.92
10.43473125,-0.77,-6.17,19.92
10.43872094,-1.36,-6.2,22.91
10.44271374,-1.36,-6.2,22.91
10.44674063,-1.36,-6.2,22.91
10.45172095,-1.97,-6.22,25.89
10.45567536,-1.97,-6.22,25.89
10.45667195,-1.97,-6.22,25.89
10.45983911,-2.58,-6.24,28.82
10.46564865,-2.58,-6.24,28.82
10.4686408,-2.58,-6.24,28.82
10.47163415,-3.16,-6.23,31.69
10.47579169,-3.16,-6.23,31.69
10.48260427,-3.7,-6.21,34.47
10.48360038,-3.7,-6.21,34.47
10.48858833,-4.23,-6.16,37.17
10.49270725,-4.23,-6.16,37.17
10.49691653,-4.23,-6.16,37.17
10.49990678,-4.75,-6.09,39.81
10.5048945,-4.75,-6.09,39.81
10.50905037,-4.75,-6.09,39.81
10.51287413,-5.27,-5.98,42.41
10.51586437,-5.27,-5.98,42.41
10.51785779,-5.27,-5.98,42.41
10.52184892,-5.82,-5.83,44.96
10.52498603,-5.82,-5.83,44.96
10.53182173,-6.39,-5.63,47.46
10.53281832,-6.39,-5.63,47.46
10.53780723,-6.39,-5.63,47.46
10.54180193,-6.96,-5.38,49.88
10.54479074,-6.96,-5.38,49.88
10.54977322,-7.53,-5.06,52.19
10.55378962,-7.53,-5.06,52.19
10.55775142,-7.53,-5.06,52.19
10.56176686,-8.09,-4.71,54.39
10.56572986,-8.09,-4.71,54.39
10.56672812,-8.09,-4.71,54.39
10.57071948,-8.67,-4.34,56.51
10.57472253,-8.67,-4.34,56.51
10.58168793,-9.21,-4.01,58.54
10.58368254,-9.21,-4.01,58.54
10.58669949,-9.21,-4.01,58.54
10.5906682,-9.71,-3.71,60.48
10.59482098,-9.71,-3.71,60.48
10.59963942,-10.17,-3.46,62.32
10.60363173,-10.17,-3.46,62.32
10.60675955,-10.17,-3.46,62.32
10.61078095,-10.55,-3.22,64.03
10.6145997,-10.55,-3.22,64.03
10.61559653,-10.55,-3.22,64.03
10.62058496,-10.88,-3.01,65.63
10.62357545,-10.88,-3.01,65.63
10.62856197,-11.15,-2.8,67.11
10.63255143,-11.15,-2.8,67.11
10.63654351,-11.15,-2.8,67.11
10.64053059,-11.39,-2.59,68.49
10.64451981,-11.39,-2.59,68.49
10.649508,-11.62,-2.35,69.81
10.65349674,-11.62,-2.35,69.81
10.65648746,-11.62,-2.35,69.81
10.66063643,-11.86,-2.09,71.08
10.66449237,-11.86,-2.09,71.08
10.66860914,-11.86,-2.09,71.08
10.66945648,-12.1,-1.82,72.28
10.67660427,-12.1,-1.82,72.28
10.67743087,-12.33,-1.56,73.42
10.68241882,-12.33,-1.56,73.42
10.68843532,-12.33,-1.56,73.42
10.689399,-12.55,-1.31,74.46
10.69739246,-12.55,-1.31,74.46
10.69842696,-12.71,-1.1,75.4
10.70236516,-12.71,-1.1,75.4
10.70635343,-12.71,-1.1,75.4
10.70950937,-12.84,-0.9,76.25
10.71337104,-12.84,-0.9,76.25
10.71747112,-12.84,-0.9,76.25
10.71832252,-12.95,-0.72,77.05
10.72231245,-12.95,-0.72,77.05
10.73031592,-12.95,-0.72,77.05
10.73228478,-13.04,-0.51,77.79
10.73831463,-13.04,-0.51,77.79
10.73926592,-13.13,-0.3,78.47
10.74625444,-13.13,-0.3,78.47
10.7503891,-13.13,-0.3,78.47
10.75123382,-13.2,-0.08,79.09
10.75522494,-13.2,-0.08,79.09
10.75921249,-13.2,-0.08,79.09
10.76235771,-13.25,0.14,79.72
10.76619458,-13.25,0.14,79.72
10.77118397,-13.31,0.35,80.2
10.77217984,-13.31,0.35,80.2
10.77916121,-13.31,0.35,80.2
10.78315091,-13.37,0.53,80.62
10.78717399,-13.37,0.53,80.62
10.78813505,-13.43,0.68,80.97
10.79526901,-13.43,0.68,80.97
10.79910636,-13.43,0.68,80.97
10.80310273,-13.47,0.8,81.27
10.80509233,-13.47,0.8,81.27
10.80808306,-13.47,0.8,81.27
10.81606174,-13.53,0.91,81.57
10.81705832,-13.53,0.91,81.57
10.82005334,-13.53,0.91,81.57
10.82407856,-13.57,1.01,81.76
10.82818389,-13.57,1.01,81.76
10.83201838,-13.62,1.12,81.9
10.83601046,-13.62,1.12,81.9
10.84014416,-13.65,1.23,81.97
10.84414768,-13.65,1.23,81.97
10.84797597,-13.65,1.23,81.97
10.85296535,-13.69,1.33,82.01
10.85396338,-13.69,1.33,82.01
10.85695291,-13.69,1.33,82.01
10.86108565,-13.72,1.42,82.01
10.8659277,-13.72,1.42,82.01
10.86894512,-13.72,1.42,82.01
10.87290883,-13.76,1.49,81.99
10.87792182,-13.76,1.49,81.99
10.88091397,-13.8,1.55,81.95
10.88502693,-13.8,1.55,81.95
10.88986349,-13.8,1.55,81.95
10.89402723,-13.85,1.61,81.91
10.89787889,-13.85,1.61,81.91
10.90198016,-13.89,1.66,81.84
10.90586495,-13.89,1.66,81.84
10.90681839,-13.89,1.66,81.84
10.91080737,-13.93,1.71,81.74
10.91579461,-13.93,1.71,81.74
10.91878843,-13.93,1.71,81.74
10.92178035,-13.98,1.76,81.64
10.92686677,-13.98,1.76,81.64
10.93080759,-13.94,1.88,81.5
10.9349041,-13.94,1.88,81.5
10.93875909,-13.94,1.88,81.5
10.94289827,-13.92,1.97,81.36
10.94674516,-13.92,1.97,81.36
10.95073485,-13.91,2.05,81.24
10.95469236,-13.91,2.05,81.24
10.95568919,-13.91,2.05,81.24
10.95967698,-13.95,2.08,81.1
10.96566081,-13.95,2.08,81.1
10.96776319,-13.95,2.08,81.1
10.97164679,-13.97,2.11,80.96
10.97582221,-13.97,2.11,80.96
10.97966957,-13.98,2.14,80.8
10.98377419,-13.98,2.14,80.8
10.98760414,-13.98,2.14,80.8
10.99175978,-13.99,2.18,80.63
10.99574614,-13.99,2.18,80.63
10.99957013,-13.94,2.26,80.42
11.00455976,-13.94,2.26,80.42
11.00555563,-13.94,2.26,80.42
11.00870991,-13.97,2.28,80
11.01652479,-13.97,2.28,80
11.01652479,-13.97,2.28,80
11.02051711,-14,2.29,79.84
11.02467608,-14,2.29,79.84
11.02865195,-14,2.29,79.84
11.03248215,-14.03,2.27,79.66
11.03647757,-14.03,2.27,79.66
11.04063034,-14,2.3,79.46
11.04558349,-14,2.3,79.46
11.04943705,-14,2.3,79.46
11.05342984,-13.98,2.3,79.27
11.05442643,-13.98,2.3,79.27
11.05841374,-13.98,2.3,79.27
11.06240153,-13.97,2.3,79.08
11.06639194,-13.97,2.3,79.08
11.06938624,-13.97,2.3,79.08
11.07337308,-13.95,2.27,78.87
11.07840323,-13.95,2.27,78.87
11.08238506,-13.92,2.23,78.65
11.0863409,-13.92,2.23,78.65
11.09050179,-13.89,2.2,78.41
11.09449458,-13.89,2.2,78.41
11.09834099,-13.89,2.2,78.41
11.10245442,-13.84,2.15,78.13
11.10329676,-13.84,2.15,78.13
11.10728168,-13.84,2.15,78.13
11.1112709,-13.78,2.11,77.86
11.11526084,-13.78,2.11,77.86
11.11925149,-13.78,2.11,77.86
11.12323999,-13.7,2.07,77.49
11.12738466,-13.7,2.07,77.49
11.13125157,-13.6,2.03,77.02
11.13536143,-13.6,2.03,77.02
11.13919854,-13.6,2.03,77.02
11.14334154,-13.49,1.98,76.49
11.14721465,-13.49,1.98,76.49
11.15127873,-13.36,1.91,75.85
11.15517879,-13.36,1.91,75.85
11.16014075,-13.36,1.91,75.85
11.16014075,-13.22,1.81,75.13
11.16612554,-13.22,1.81,75.13
11.16911817,-13.22,1.81,75.13
11.17210889,-13.08,1.71,74.32
11.17609954,-13.08,1.71,74.32
11.18009925,-12.92,1.59,73.4
11.18407893,-12.92,1.59,73.4
11.18806934,-12.92,1.59,73.4
11.19205713,-12.74,1.48,72.35
11.19704986,-12.74,1.48,72.35
11.20103216,-12.55,1.35,71.2
11.20502114,-12.55,1.35,71.2
11.20900989,-12.55,1.35,71.2
11.20900989,-12.36,1.22,69.95
11.21599245,-12.36,1.22,69.95
11.21798635,-12.36,1.22,69.95
11.2219758,-12.18,1.08,68.63
11.22496819,-12.18,1.08,68.63
11.23693752,-11.99,0.92,67.24
11.23793316,-11.99,0.92,67.24
11.23893094,-11.99,0.92,67.24
11.2419219,-11.8,0.75,65.79
11.24591374,-11.8,0.75,65.79
11.24990106,-11.61,0.57,64.28
11.25389004,-11.61,0.57,64.28
11.25788069,-11.61,0.57,64.28
11.26186824,-11.4,0.4,62.71
11.26585865,-11.4,0.4,62.71
11.26685596,-11.4,0.4,62.71
11.27084494,-11.18,0.23,61.08
11.27383709,-11.18,0.23,61.08
11.27882385,-11.18,0.23,61.08
11.28281474,-10.95,0.07,59.4
11.28680325,-10.95,0.07,59.4
11.29079127,-10.75,-0.09,57.69
11.29478145,-10.75,-0.09,57.69
11.29976726,-10.56,-0.26,56
11.30375814,-10.56,-0.26,56
11.30674815,-10.56,-0.26,56
11.31173491,-10.37,-0.43,54.3
11.3157258,-10.37,-0.43,54.3
11.3157258,-10.37,-0.43,54.3
11.31971431,-10.18,-0.6,52.64
11.32370281,-10.18,-0.6,52.64
11.32769251,-10.18,-0.6,52.64
11.33267927,-9.98,-0.77,51
11.335675,-9.98,-0.77,51
11.34065795,-9.74,-0.95,49.36
11.3436532,-9.74,-0.95,49.36
11.34863734,-9.74,-0.95,49.36
11.35262632,-9.51,-1.11,47.71
11.35661507,-9.51,-1.11,47.71
11.36060452,-9.51,-1.11,47.71
11.36459422,-9.26,-1.28,46.02
11.36559272,-9.26,-1.28,46.02
11.36958385,-9.01,-1.44,44.41
11.37356997,-9.01,-1.44,44.41
11.3765614,-9.01,-1.44,44.41
11.38154888,-8.8,-1.58,42.86
11.3845408,-8.8,-1.58,42.86
11.38952732,-8.6,-1.7,41.4
11.3935163,-8.6,-1.7,41.4
11.39750862,-8.6,-1.7,41.4
11.40249372,-8.4,-1.83,39.99
11.40548444,-8.4,-1.83,39.99
11.4094739,-8.4,-1.83,39.99
11.41346908,-8.2,-1.95,38.57
11.41545796,-8.2,-1.95,38.57
11.41845036,-8.2,-1.95,38.57
11.42243958,-7.99,-2.1,37.13
11.42642903,-7.99,-2.1,37.13
11.4344089,-7.8,-2.27,35.65
11.4344089,-7.8,-2.27,35.65
11.43839836,-7.8,-2.27,35.65
11.44238591,-7.67,-2.45,34.15
11.44936752,-7.67,-2.45,34.15
11.45136237,-7.6,-2.64,32.68
11.45535326,-7.6,-2.64,32.68
11.45834327,-7.6,-2.64,32.68
11.46333337,-7.58,-2.83,31.25
11.46731925,-7.58,-2.83,31.25
11.46731925,-7.58,-2.83,31.25
11.47230649,-7.6,-3.03,29.84
11.4752984,-7.6,-3.03,29.84
11.48228025,-7.59,-3.25,28.42
11.48327732,-7.59,-3.25,28.42
11.48826528,-7.59,-3.25,28.42
11.49225283,-7.57,-3.48,26.97
11.49923444,-7.57,-3.48,26.97
11.50023174,-7.5,-3.72,25.5
11.50422168,-7.5,-3.72,25.5
11.50821018,-7.5,-3.72,25.5
11.51219916,-7.41,-3.96,24.02
11.51618934,-7.41,-3.96,24.02
11.51718664,-7.41,-3.96,24.02
11.5211761,-7.29,-4.22,22.53
11.52516532,-7.29,-4.22,22.53
11.5291543,-7.14,-4.47,21.03
11.53314376,-7.14,-4.47,21.03
11.53713584,-7.14,-4.47,21.03
11.5412364,-6.97,-4.71,19.54
11.54522204,-6.97,-4.71,19.54
11.54910088,-6.79,-4.93,18.06
11.5540905,-6.79,-4.93,18.06
11.55724311,-6.79,-4.93,18.06
11.56122947,-6.57,-5.13,16.57
11.56505775,-6.57,-5.13,16.57
11.56605577,-6.57,-5.13,16.57
11.57004881,-6.33,-5.31,15.13
11.57403469,-6.33,-5.31,15.13
11.57821608,-6.33,-5.31,15.13
11.58301091,-6.07,-5.47,13.72
11.58700299,-6.07,-5.47,13.72
11.59098887,-5.81,-5.61,12.38
11.59497786,-5.81,-5.61,12.38
11.59899545,-5.81,-5.61,12.38
11.60295987,-5.56,-5.72,11.12
11.60694671,-5.56,-5.72,11.12
11.61011934,-5.56,-5.72,11.12
11.61395979,-5.31,-5.79,9.92
11.61906409,-5.31,-5.79,9.92
11.61991549,-5.31,-5.79,9.92
11.62290382,-5.08,-5.82,8.84
11.62704897,-5.08,-5.82,8.84
11.63287783,-4.83,-5.83,7.81
11.63497806,-4.83,-5.83,7.81
11.63985801,-4.83,-5.83,7.81
11.64387965,-4.57,-5.81,6.81
11.64687848,-4.57,-5.81,6.81
11.65083051,-4.31,-5.79,5.87
11.6558156,-4.31,-5.79,5.87
11.65999222,-4.31,-5.79,5.87
11.66080189,-4.04,-5.75,4.7
11.66678739,-4.04,-5.75,4.7
11.66799116,-4.04,-5.75,4.7
11.67198372,-3.79,-5.7,3.87
11.67618632,-3.79,-5.7,3.87
11.6803968,-3.79,-5.7,3.87
11.68448806,-3.53,-5.65,3.11
11.6883204,-3.53,-5.65,3.11
11.69248486,-3.28,-5.6,2.43
11.69629908,-3.28,-5.6,2.43
11.70028877,-3.28,-5.6,2.43
11.7042799,-3.04,-5.55,1.84
11.70926452,-3.04,-5.55,1.84
11.70926452,-3.04,-5.55,1.84
11.71624637,-2.82,-5.49,1.23
11.71732259,-2.82,-5.49,1.23
11.72123337,-2.82,-5.49,1.23
11.72522521,-2.39,-5.41,0.63
11.72921562,-2.39,-5.41,0.63
11.73320079,-1.99,-5.31,0.1
11.73419833,-1.99,-5.31,0.1
11.73818827,-1.99,-5.31,0.1
11.74217606,-1.62,-5.21,-0.39
11.74915695,-1.62,-5.21,-0.39
11.75015497,-1.26,-5.09,-0.84
11.75414658,-1.26,-5.09,-0.84
11.75813341,-1.26,-5.09,-0.84
11.7621274,-0.91,-4.97,-1.31
11.76611304,-0.91,-4.97,-1.31
11.76711011,-0.91,-4.97,-1.31
11.77110147,-0.61,-4.84,-1.63
11.77508807,-0.61,-4.84,-1.63
11.77826929,-0.61,-4.84,-1.63
11.78207135,-0.33,-4.72,-1.89
11.78608871,-0.33,-4.72,-1.89
11.79004812,-0.08,-4.59,-2.11
11.79513121,-0.08,-4.59,-2.11
11.79902411,-0.08,-4.59,-2.11
11.80302382,0.14,-4.46,-2.28
11.80601239,0.14,-4.46,-2.28
11.80900574,0.14,-4.46,-2.28
11.81300521,0.35,-4.33,-2.43
11.82296324,0.35,-4.33,-2.43
11.82495952,0.35,-4.33,-2.43
11.82695293,0.54,-4.22,-2.52
11.82794833,0.54,-4.22,-2.52
11.82897139,0.54,-4.22,-2.52
11.83492923,0.72,-4.1,-2.6
11.83692431,0.72,-4.1,-2.6
11.84091306,0.86,-3.99,-2.64
11.84490204,0.86,-3.99,-2.64
11.84789371,0.86,-3.99,-2.64
11.85188317,1,-3.89,-2.64
11.85587263,1,-3.89,-2.64
11.86004138,1,-3.89,-2.64
11.86085939,1.12,-3.8,-2.61
11.86584687,1.12,-3.8,-2.61
11.86883783,1.12,-3.8,-2.61
11.87282705,1.2,-3.7,-2.58
11.87683868,1.2,-3.7,-2.58
11.88080668,1.2,-3.7,-2.58
11.88280082,1.29,-3.61,-2.52
11.88879204,1.29,-3.61,-2.52
11.88978148,1.35,-3.53,-2.46
11.89377069,1.35,-3.53,-2.46
11.89975595,1.35,-3.53,-2.46
11.90175009,1.41,-3.44,-2.4
11.90574026,1.41,-3.44,-2.4
11.90973258,1.41,-3.44,-2.4
11.91372037,1.47,-3.36,-2.54
11.91571283,1.47,-3.36,-2.54
11.91870451,1.47,-3.36,-2.54
11.92269301,1.5,-3.27,-2.47
11.92568946,1.5,-3.27,-2.47
11.9296751,1.5,-3.27,-2.47
11.93366504,1.54,-3.19,-2.39
11.93765545,1.54,-3.19,-2.39
11.94164753,1.56,-3.11,-2.32
11.94563699,1.56,-3.11,-2.32
11.95078969,1.56,-3.11,-2.32
11.95463347,1.56,-3.04,-2.23
11.9556067,1.56,-3.04,-2.23
11.95959496,1.56,-3.04,-2.23
11.96657801,1.54,-2.97,-2.17
11.96757412,1.54,-2.97,-2.17
11.97059703,1.54,-2.97,-2.17
11.97156453,1.52,-2.9,-2.08
11.97557712,1.52,-2.9,-2.08
11.98353291,1.52,-2.9,-2.08
11.98452854,1.51,-2.85,-2
11.98755145,1.51,-2.85,-2
11.99154854,1.48,-2.8,-1.94
11.99550295,1.48,-2.8,-1.94
12.00048637,1.48,-2.8,-1.94
12.0044775,1.47,-2.75,-1.89
12.00750017,1.47,-2.75,-1.89
12.01162839,1.47,-2.75,-1.89
12.01245379,1.44,-2.71,-1.91
12.01644325,1.44,-2.71,-1.91
12.02043438,1.44,-2.71,-1.91
12.0244267,1.42,-2.65,-1.86
12.02841496,1.42,-2.65,-1.86
12.03240061,1.38,-2.59,-1.82
12.03639007,1.38,-2.59,-1.82
12.04037857,1.38,-2.59,-1.82
12.0443728,1.36,-2.53,-1.79
12.04835773,1.36,-2.53,-1.79
12.05235147,1.33,-2.47,-1.77
12.05334568,1.33,-2.47,-1.77
12.05733347,1.33,-2.47,-1.77
12.06132698,1.31,-2.43,-1.9
12.06631064,1.31,-2.43,-1.9
12.06932068,1.31,-2.43,-1.9
12.07329082,1.29,-2.38,-1.87
12.07428813,1.29,-2.38,-1.87
12.07728481,1.29,-2.38,-1.87
12.08326483,1.27,-2.34,-1.86
12.08625674,1.27,-2.34,-1.86
12.09024572,1.27,-2.29,-1.85
